🌀	Cyclone	Animals & nature
🌁	Foggy	Animals & nature
🌂	Closed Umbrella	Activities & objects
🌃	Night With Stars	Animals & nature
🌄	Sunrise Over Mountains	Animals & nature
🌅	Sunrise	Animals & nature
🌆	Cityscape At Dusk	Travel & places
🌇	Sunset Over Buildings	Animals & nature
🌈	Rainbow	Animals & nature
🌉	Bridge At Night	Travel & places
🌊	Water Wave	Animals & nature
🌋	Volcano	Animals & nature
🌌	Milky Way	Animals & nature
🌍	Earth Globe Europe-Africa	People
🌎	Earth Globe Americas	People
🌏	Earth Globe Asia-Australia	People
🌐	Globe With Meridians	Animals & nature
🌑	New Moon Symbol	Animals & nature
🌒	Waxing Crescent Moon Symbol	Animals & nature
🌓	First Quarter Moon Symbol	Animals & nature
🌔	Waxing Gibbous Moon Symbol	Animals & nature
🌕	Full Moon Symbol	Animals & nature
🌖	Waning Gibbous Moon Symbol	Animals & nature
🌗	Last Quarter Moon Symbol	Animals & nature
🌘	Waning Crescent Moon Symbol	Animals & nature
🌙	Crescent Moon	Animals & nature
🌚	New Moon With Face	Smileys
🌛	First Quarter Moon With Face	Smileys
🌜	Last Quarter Moon With Face	Smileys
🌝	Full Moon With Face	Smileys
🌞	Sun With Face	Smileys
🌟	Glowing Star	Animals & nature
🌠	Shooting Star	Animals & nature
🌡	Thermometer	Animals & nature
🌢	Black Droplet	Animals & nature
🌣	White Sun	Animals & nature
🌤	White Sun With Small Cloud	Animals & nature
🌥	White Sun Behind Cloud	Animals & nature
🌦	White Sun Behind Cloud With Rain	Animals & nature
🌧	Cloud With Rain	Animals & nature
🌨	Cloud With Snow	Animals & nature
🌩	Cloud With Lightning	Animals & nature
🌪	Cloud With Tornado	Animals & nature
🌫	Fog	Animals & nature
🌬	Wind Blowing Face	Smileys
🌭	Hot Dog	Animals & nature
🌮	Taco	Food & drink
🌯	Burrito	Food & drink
🌰	Chestnut	Food & drink
🌱	Seedling	Animals & nature
🌲	Evergreen Tree	Animals & nature
🌳	Deciduous Tree	Animals & nature
🌴	Palm Tree	People
🌵	Cactus	Animals & nature
🌶	Hot Pepper	Food & drink
🌷	Tulip	Animals & nature
🌸	Cherry Blossom	Animals & nature
🌹	Rose	Animals & nature
🌺	Hibiscus	Animals & nature
🌻	Sunflower	Animals & nature
🌼	Blossom	Animals & nature
🌽	Ear Of Maize	People
🌾	Ear Of Rice	People
🌿	Herb	Animals & nature
🍀	Four Leaf Clover	Animals & nature
🍁	Maple Leaf	Animals & nature
🍂	Fallen Leaf	Animals & nature
🍃	Leaf Fluttering In Wind	Animals & nature
🍄	Mushroom	Animals & nature
🍅	Tomato	Food & drink
🍆	Aubergine	Food & drink
🍇	Grapes	Food & drink
🍈	Melon	Food & drink
🍉	Watermelon	Food & drink
🍊	Tangerine	Symbols
🍋	Lemon	Food & drink
🍌	Banana	Food & drink
🍍	Pineapple	Food & drink
🍎	Red Apple	Food & drink
🍏	Green Apple	Food & drink
🍐	Pear	People
🍑	Peach	Food & drink
🍒	Cherries	Food & drink
🍓	Strawberry	Food & drink
🍔	Hamburger	Food & drink
🍕	Slice Of Pizza	Food & drink
🍖	Meat On Bone	People
🍗	Poultry Leg	People
🍘	Rice Cracker	Food & drink
🍙	Rice Ball	Food & drink
🍚	Cooked Rice	Food & drink
🍛	Curry And Rice	Food & drink
🍜	Steaming Bowl	Animals & nature
🍝	Spaghetti	Food & drink
🍞	Bread	Food & drink
🍟	French Fries	Food & drink
🍠	Roasted Sweet Potato	Food & drink
🍡	Dango	Food & drink
🍢	Oden	Food & drink
🍣	Sushi	Food & drink
🍤	Fried Shrimp	Animals & nature
🍥	Fish Cake With Swirl Design	Animals & nature
🍦	Soft Ice Cream	Food & drink
🍧	Shaved Ice	Food & drink
🍨	Ice Cream	Food & drink
🍩	Doughnut	Food & drink
🍪	Cookie	Food & drink
🍫	Chocolate Bar	Food & drink
🍬	Candy	Food & drink
🍭	Lollipop	Food & drink
🍮	Custard	Animals & nature
🍯	Honey Pot	Food & drink
🍰	Shortcake	Food & drink
🍱	Bento Box	Animals & nature
🍲	Pot Of Food	Food & drink
🍳	Cooking	Food & drink
🍴	Fork And Knife	Food & drink
🍵	Teacup Without Handle	People
🍶	Sake Bottle And Cup	Food & drink
🍷	Wine Glass	Food & drink
🍸	Cocktail Glass	Food & drink
🍹	Tropical Drink	Food & drink
🍺	Beer Mug	Animals & nature
🍻	Clinking Beer Mugs	Animals & nature
🍼	Baby Bottle	People
🍽	Fork And Knife With Plate	Food & drink
🍾	Bottle With Popping Cork	Food & drink
🍿	Popcorn	Food & drink
🎀	Ribbon	Activities & objects
🎁	Wrapped Present	Activities & objects
🎂	Birthday Cake	Food & drink
🎃	Jack-O-Lantern	Animals & nature
🎄	Christmas Tree	Animals & nature
🎅	Father Christmas	Activities & objects
🎆	Fireworks	Animals & nature
🎇	Firework Sparkler	Animals & nature
🎈	Balloon	Activities & objects
🎉	Party Popper	Activities & objects
🎊	Confetti Ball	Activities & objects
🎋	Tanabata Tree	Animals & nature
🎌	Crossed Flags	Activities & objects
🎍	Pine Decoration	Animals & nature
🎎	Japanese Dolls	Activities & objects
🎏	Carp Streamer	Travel & places
🎐	Wind Chime	Animals & nature
🎑	Moon Viewing Ceremony	Animals & nature
🎒	School Satchel	Travel & places
🎓	Graduation Cap	Activities & objects
🎔	Heart With Tip On The Left	People
🎕	Bouquet Of Flowers	Animals & nature
🎖	Military Medal	Activities & objects
🎗	Reminder Ribbon	Activities & objects
🎘	Musical Keyboard With Jacks	Animals & nature
🎙	Studio Microphone	Activities & objects
🎚	Level Slider	Activities & objects
🎛	Control Knobs	Activities & objects
🎜	Beamed Ascending Musical Notes	Activities & objects
🎝	Beamed Descending Musical Notes	Activities & objects
🎞	Film Frames	Activities & objects
🎟	Admission Tickets	Travel & places
🎠	Carousel Horse	Animals & nature
🎡	Ferris Wheel	Travel & places
🎢	Roller Coaster	Travel & places
🎣	Fishing Pole And Fish	Animals & nature
🎤	Microphone	Activities & objects
🎥	Movie Camera	Activities & objects
🎦	Cinema	Activities & objects
🎧	Headphone	Activities & objects
🎨	Artist Palette	People
🎩	Top Hat	Activities & objects
🎪	Circus Tent	Travel & places
🎫	Ticket	Travel & places
🎬	Clapper Board	Animals & nature
🎭	Performing Arts	Activities & objects
🎮	Video Game	Activities & objects
🎯	Direct Hit	Activities & objects
🎰	Slot Machine	Activities & objects
🎱	Billiards	Activities & objects
🎲	Game Die	Activities & objects
🎳	Bowling	Animals & nature
🎴	Flower Playing Cards	Animals & nature
🎵	Musical Note	Activities & objects
🎶	Multiple Musical Notes	Activities & objects
🎷	Saxophone	Activities & objects
🎸	Guitar	Activities & objects
🎹	Musical Keyboard	Animals & nature
🎺	Trumpet	Activities & objects
🎻	Violin	Activities & objects
🎼	Musical Score	Activities & objects
🎽	Running Shirt With Sash	People
🎾	Tennis Racquet And Ball	Activities & objects
🎿	Ski And Ski Boot	Activities & objects
🏀	Basketball And Hoop	Activities & objects
🏁	Chequered Flag	Symbols
🏂	Snowboarder	People
🏃	Runner	People
🏄	Surfer	People
🏅	Sports Medal	Activities & objects
🏆	Trophy	Activities & objects
🏇	Horse Racing	People
🏈	American Football	People
🏉	Rugby Football	People
🏊	Swimmer	People
🏋	Weight Lifter	People
🏌	Golfer	People
🏍	Racing Motorcycle	Travel & places
🏎	Racing Car	Travel & places
🏏	Cricket Bat And Ball	Animals & nature
🏐	Volleyball	Activities & objects
🏑	Field Hockey Stick And Ball	Activities & objects
🏒	Ice Hockey Stick And Puck	Food & drink
🏓	Table Tennis Paddle And Ball	Activities & objects
🏔	Snow Capped Mountain	Animals & nature
🏕	Camping	Activities & objects
🏖	Beach With Umbrella	Travel & places
🏗	Building Construction	Travel & places
🏘	House Buildings	Travel & places
🏙	Cityscape	Travel & places
🏚	Derelict House Building	Travel & places
🏛	Classical Building	Travel & places
🏜	Desert	Travel & places
🏝	Desert Island	Travel & places
🏞	National Park	Travel & places
🏟	Stadium	Travel & places
🏠	House Building	Travel & places
🏡	House With Garden	Travel & places
🏢	Office Building	Food & drink
🏣	Japanese Post Office	Food & drink
🏤	European Post Office	Food & drink
🏥	Hospital	Travel & places
🏦	Bank	Travel & places
🏧	Automated Teller Machine	Food & drink
🏨	Hotel	Travel & places
🏩	Love Hotel	Travel & places
🏪	Convenience Store	Travel & places
🏫	School	Travel & places
🏬	Department Store	Travel & places
🏭	Factory	Travel & places
🏮	Izakaya Lantern	Animals & nature
🏯	Japanese Castle	Travel & places
🏰	European Castle	Travel & places
🏱	White Pennant	Animals & nature
🏲	Black Pennant	Animals & nature
🏳	Waving White Flag	Symbols
🏴	Waving Black Flag	Symbols
🏵	Rosette	Animals & nature
🏶	Black Rosette	Animals & nature
🏷	Label	Activities & objects
🏸	Badminton Racquet And Shuttlecock	Travel & places
🏹	Bow And Arrow	Symbols
🏺	Amphora	Food & drink
🐀	Rat	Animals & nature
🐁	Mouse	Animals & nature
🐂	Ox	Animals & nature
🐃	Water Buffalo	Animals & nature
🐄	Cow	Animals & nature
🐅	Tiger	Animals & nature
🐆	Leopard	Symbols
🐇	Rabbit	Animals & nature
🐈	Cat	Animals & nature
🐉	Dragon	Animals & nature
🐊	Crocodile	Animals & nature
🐋	Whale	Animals & nature
🐌	Snail	People
🐍	Snake	Animals & nature
🐎	Horse	Animals & nature
🐏	Ram	Other
🐐	Goat	Animals & nature
🐑	Sheep	Animals & nature
🐒	Monkey	Smileys
🐓	Rooster	Animals & nature
🐔	Chicken	Animals & nature
🐕	Dog	Animals & nature
🐖	Pig	Animals & nature
🐗	Boar	Animals & nature
🐘	Elephant	Animals & nature
🐙	Octopus	Animals & nature
🐚	Spiral Shell	Animals & nature
🐛	Bug	Animals & nature
🐜	Ant	Animals & nature
🐝	Honeybee	Animals & nature
🐞	Lady Beetle	Animals & nature
🐟	Fish	Animals & nature
🐠	Tropical Fish	Animals & nature
🐡	Blowfish	Animals & nature
🐢	Turtle	Animals & nature
🐣	Hatching Chick	Animals & nature
🐤	Baby Chick	People
🐥	Front-Facing Baby Chick	People
🐦	Bird	Animals & nature
🐧	Penguin	Animals & nature
🐨	Koala	Animals & nature
🐩	Poodle	Smileys
🐪	Dromedary Camel	Animals & nature
🐫	Bactrian Camel	Animals & nature
🐬	Dolphin	Animals & nature
🐭	Mouse Face	Smileys
🐮	Cow Face	Smileys
🐯	Tiger Face	Smileys
🐰	Rabbit Face	Smileys
🐱	Cat Face	Smileys
🐲	Dragon Face	Smileys
🐳	Spouting Whale	People
🐴	Horse Face	Smileys
🐵	Monkey Face	Smileys
🐶	Dog Face	Smileys
🐷	Pig Face	Smileys
🐸	Frog Face	Smileys
🐹	Hamster Face	Smileys
🐺	Wolf Face	Smileys
🐻	Bear Face	Smileys
🐼	Panda Face	Smileys
🐽	Pig Nose	People
🐾	Paw Prints	Animals & nature
🐿	Chipmunk	Animals & nature
👀	Eyes	People
👁	Eye	People
👂	Ear	People
👃	Nose	People
👄	Mouth	Other
👅	Tongue	People
👆	White Up Pointing Backhand Index	People
👇	White Down Pointing Backhand Index	People
👈	White Left Pointing Backhand Index	People
👉	White Right Pointing Backhand Index	People
👊	Fisted Hand Sign	People
👋	Waving Hand Sign	People
👌	Ok Hand Sign	People
👍	Thumbs Up Sign	People
👎	Thumbs Down Sign	People
👏	Clapping Hands Sign	People
👐	Open Hands Sign	People
👑	Crown	Activities & objects
👒	Womans Hat	People
👓	Eyeglasses	People
👔	Necktie	Other
👕	T-Shirt	Activities & objects
👖	Jeans	Activities & objects
👗	Dress	Activities & objects
👘	Kimono	Activities & objects
👙	Bikini	Activities & objects
👚	Womans Clothes	People
👛	Purse	Activities & objects
👜	Handbag	People
👝	Pouch	Activities & objects
👞	Mans Shoe	People
👟	Athletic Shoe	Activities & objects
👠	High-Heeled Shoe	Activities & objects
👡	Womans Sandal	People
👢	Womans Boots	People
👣	Footprints	People
👤	Bust In Silhouette	People
👥	Busts In Silhouette	People
👦	Boy	People
👧	Girl	People
👨	Man	People
👩	Woman	People
👪	Family	People
👫	Man And Woman Holding Hands	People
👬	Two Men Holding Hands	People
👭	Two Women Holding Hands	People
👮	Police Officer	Food & drink
👯	Woman With Bunny Ears	People
👰	Bride With Veil	Other
👱	Person With Blond Hair	People
👲	Man With Gua Pi Mao	People
👳	Man With Turban	People
👴	Older Man	People
👵	Older Woman	People
👶	Baby	People
👷	Construction Worker	Travel & places
👸	Princess	People
👹	Japanese Ogre	Smileys
👺	Japanese Goblin	Smileys
👻	Ghost	Smileys
👼	Baby Angel	People
👽	Extraterrestrial Alien	Smileys
👾	Alien Monster	Smileys
👿	Imp	Other
💀	Skull	Smileys
💁	Information Desk Person	People
💂	Guardsman	People
💃	Dancer	People
💄	Lipstick	Activities & objects
💅	Nail Polish	People
💆	Face Massage	Smileys
💇	Haircut	People
💈	Barber Pole	Other
💉	Syringe	Activities & objects
💊	Pill	Activities & objects
💋	Kiss Mark	Smileys
💌	Love Letter	Other
💍	Ring	Activities & objects
💎	Gem Stone	Activities & objects
💏	Kiss	Smileys
💐	Bouquet	Animals & nature
💑	Couple With Heart	People
💒	Wedding	Other
💓	Beating Heart	People
💔	Broken Heart	People
💕	Two Hearts	People
💖	Sparkling Heart	People
💗	Growing Heart	People
💘	Heart With Arrow	People
💙	Blue Heart	People
💚	Green Heart	People
💛	Yellow Heart	People
💜	Purple Heart	People
💝	Heart With Ribbon	People
💞	Revolving Hearts	People
💟	Heart Decoration	People
💠	Diamond Shape With A Dot Inside	Symbols
💡	Electric Light Bulb	Activities & objects
💢	Anger Symbol	Symbols
💣	Bomb	Activities & objects
💤	Sleeping Symbol	Symbols
💥	Collision Symbol	Symbols
💦	Splashing Sweat Symbol	Smileys
💧	Droplet	Animals & nature
💨	Dash Symbol	Symbols
💩	Pile Of Poo	Smileys
💪	Flexed Biceps	Food & drink
💫	Dizzy Symbol	Animals & nature
💬	Speech Balloon	Activities & objects
💭	Thought Balloon	Activities & objects
💮	White Flower	Animals & nature
💯	Hundred Points Symbol	Symbols
💰	Money Bag	Activities & objects
💱	Currency Exchange	Symbols
💲	Heavy Dollar Sign	Activities & objects
💳	Credit Card	Travel & places
💴	Banknote With Yen Sign	Travel & places
💵	Banknote With Dollar Sign	Travel & places
💶	Banknote With Euro Sign	Travel & places
💷	Banknote With Pound Sign	Travel & places
💸	Money With Wings	Activities & objects
💹	Chart With Upwards Trend And Yen Sign	Activities & objects
💺	Seat	Travel & places
💻	Personal Computer	People
💼	Briefcase	Other
💽	Minidisc	Other
💾	Floppy Disk	Activities & objects
💿	Optical Disc	Other
📀	Dvd	Activities & objects
📁	File Folder	People
📂	Open File Folder	People
📃	Page With Curl	Activities & objects
📄	Page Facing Up	Activities & objects
📅	Calendar	Activities & objects
📆	Tear-Off Calendar	Smileys
📇	Card Index	Travel & places
📈	Chart With Upwards Trend	Activities & objects
📉	Chart With Downwards Trend	Activities & objects
📊	Bar Chart	Activities & objects
📋	Clipboard	Animals & nature
📌	Pushpin	Activities & objects
📍	Round Pushpin	Activities & objects
📎	Paperclip	Activities & objects
📏	Straight Ruler	Activities & objects
📐	Triangular Ruler	Activities & objects
📑	Bookmark Tabs	Activities & objects
📒	Ledger	Activities & objects
📓	Notebook	Activities & objects
📔	Notebook With Decorative Cover	Animals & nature
📕	Closed Book	Activities & objects
📖	Open Book	Activities & objects
📗	Green Book	Activities & objects
📘	Blue Book	Activities & objects
📙	Orange Book	Food & drink
📚	Books	Activities & objects
📛	Name Badge	Other
📜	Scroll	Activities & objects
📝	Memo	Activities & objects
📞	Telephone Receiver	Activities & objects
📟	Pager	Activities & objects
📠	Fax Machine	Activities & objects
📡	Satellite Antenna	Animals & nature
📢	Public Address Loudspeaker	Activities & objects
📣	Cheering Megaphone	Activities & objects
📤	Outbox Tray	Animals & nature
📥	Inbox Tray	Animals & nature
📦	Package	Other
📧	E-Mail Symbol	Activities & objects
📨	Incoming Envelope	Activities & objects
📩	Envelope With Downwards Arrow Above	Activities & objects
📪	Closed Mailbox With Lowered Flag	Animals & nature
📫	Closed Mailbox With Raised Flag	Animals & nature
📬	Open Mailbox With Raised Flag	Animals & nature
📭	Open Mailbox With Lowered Flag	Animals & nature
📮	Postbox	Animals & nature
📯	Postal Horn	Other
📰	Newspaper	Activities & objects
📱	Mobile Phone	Activities & objects
📲	Mobile Phone With Rightwards Arrow At Left	Activities & objects
📳	Vibration Mode	Animals & nature
📴	Mobile Phone Off	Activities & objects
📵	No Mobile Phones	Activities & objects
📶	Antenna With Bars	Animals & nature
📷	Camera	Activities & objects
📸	Camera With Flash	Activities & objects
📹	Video Camera	Activities & objects
📺	Television	Activities & objects
📻	Radio	Activities & objects
📼	Videocassette	Activities & objects
📽	Film Projector	Activities & objects
📾	Portable Stereo	Other
📿	Prayer Beads	Other
🔀	Twisted Rightwards Arrows	Symbols
🔁	Clockwise Rightwards And Leftwards Open Circle Arrows	Activities & objects
🔂	Clockwise Rightwards And Leftwards Open Circle Arrows With Circled One Overlay	Activities & objects
🔃	Clockwise Downwards And Upwards Open Circle Arrows	Activities & objects
🔄	Anticlockwise Downwards And Upwards Open Circle Arrows	Animals & nature
🔅	Low Brightness Symbol	Symbols
🔆	High Brightness Symbol	Symbols
🔇	Speaker With Cancellation Stroke	Activities & objects
🔈	Speaker	Activities & objects
🔉	Speaker With One Sound Wave	Animals & nature
🔊	Speaker With Three Sound Waves	Animals & nature
🔋	Battery	Animals & nature
🔌	Electric Plug	Activities & objects
🔍	Left-Pointing Magnifying Glass	Activities & objects
🔎	Right-Pointing Magnifying Glass	Activities & objects
🔏	Lock With Ink Pen	Activities & objects
🔐	Closed Lock With Key	Activities & objects
🔑	Key	Activities & objects
🔒	Lock	Activities & objects
🔓	Open Lock	Activities & objects
🔔	Bell	Activities & objects
🔕	Bell With Cancellation Stroke	Activities & objects
🔖	Bookmark	Activities & objects
🔗	Link Symbol	Activities & objects
🔘	Radio Button	Activities & objects
🔙	Back With Leftwards Arrow Above	Symbols
🔚	End With Leftwards Arrow Above	Symbols
🔛	On With Exclamation Mark With Left Right Arrow Above	Symbols
🔜	Soon With Rightwards Arrow Above	Symbols
🔝	Top With Upwards Arrow Above	Symbols
🔞	No One Under Eighteen Symbol	Symbols
🔟	Keycap Ten	Activities & objects
🔠	Input Symbol For Latin Capital Letters	Symbols
🔡	Input Symbol For Latin Small Letters	Symbols
🔢	Input Symbol For Numbers	Symbols
🔣	Input Symbol For Symbols	Symbols
🔤	Input Symbol For Latin Letters	Symbols
🔥	Fire	Animals & nature
🔦	Electric Torch	Activities & objects
🔧	Wrench	Activities & objects
🔨	Hammer	Activities & objects
🔩	Nut And Bolt	Activities & objects
🔪	Hocho	Other
🔫	Pistol	Activities & objects
🔬	Microscope	Activities & objects
🔭	Telescope	Activities & objects
🔮	Crystal Ball	Activities & objects
🔯	Six Pointed Star With Middle Dot	Animals & nature
🔰	Japanese Symbol For Beginner	Symbols
🔱	Trident Emblem	Symbols
🔲	Black Square Button	Symbols
🔳	White Square Button	Symbols
🔴	Large Red Circle	Symbols
🔵	Large Blue Circle	Symbols
🔶	Large Orange Diamond	Food & drink
🔷	Large Blue Diamond	Symbols
🔸	Small Orange Diamond	Food & drink
🔹	Small Blue Diamond	Symbols
🔺	Up-Pointing Red Triangle	Symbols
🔻	Down-Pointing Red Triangle	Symbols
🔼	Up-Pointing Small Red Triangle	Symbols
🔽	Down-Pointing Small Red Triangle	Symbols
🔾	Lower Right Shadowed White Circle	Symbols
🔿	Upper Right Shadowed White Circle	Symbols
🕀	Circled Cross Pommee	Symbols
🕁	Cross Pommee With Half-Circle Below	Symbols
🕂	Cross Pommee	Symbols
🕃	Notched Left Semicircle With Three Dots	Symbols
🕄	Notched Right Semicircle With Three Dots	Symbols
🕅	Symbol For Marks Chapter	Symbols
🕆	White Latin Cross	Symbols
🕇	Heavy Latin Cross	Symbols
🕈	Celtic Cross	Symbols
🕉	Om Symbol	Symbols
🕊	Dove Of Peace	Symbols
🕋	Kaaba	Travel & places
🕌	Mosque	Travel & places
🕍	Synagogue	Travel & places
🕎	Menorah With Nine Branches	Symbols
🕏	Bowl Of Hygieia	Animals & nature
🕐	Clock Face One Oclock	Smileys
🕑	Clock Face Two Oclock	Smileys
🕒	Clock Face Three Oclock	Smileys
🕓	Clock Face Four Oclock	Smileys
🕔	Clock Face Five Oclock	Smileys
🕕	Clock Face Six Oclock	Smileys
🕖	Clock Face Seven Oclock	Smileys
🕗	Clock Face Eight Oclock	Smileys
🕘	Clock Face Nine Oclock	Smileys
🕙	Clock Face Ten Oclock	Smileys
🕚	Clock Face Eleven Oclock	Smileys
🕛	Clock Face Twelve Oclock	Smileys
🕜	Clock Face One-Thirty	Smileys
🕝	Clock Face Two-Thirty	Smileys
🕞	Clock Face Three-Thirty	Smileys
🕟	Clock Face Four-Thirty	Smileys
🕠	Clock Face Five-Thirty	Smileys
🕡	Clock Face Six-Thirty	Smileys
🕢	Clock Face Seven-Thirty	Smileys
🕣	Clock Face Eight-Thirty	Smileys
🕤	Clock Face Nine-Thirty	Smileys
🕥	Clock Face Ten-Thirty	Smileys
🕦	Clock Face Eleven-Thirty	Smileys
🕧	Clock Face Twelve-Thirty	Smileys
🕨	Right Speaker	Activities & objects
🕩	Right Speaker With One Sound Wave	Animals & nature
🕪	Right Speaker With Three Sound Waves	Animals & nature
🕫	Bullhorn	Other
🕬	Bullhorn With Sound Waves	Animals & nature
🕭	Ringing Bell	Activities & objects
🕮	Book	Activities & objects
🕯	Candle	Activities & objects
🕰	Mantelpiece Clock	People
🕱	Black Skull And Crossbones	Smileys
🕲	No Piracy	Other
🕳	Hole	Other
🕴	Man In Business Suit Levitating	People
🕵	Sleuth Or Spy	Other
🕶	Dark Sunglasses	Animals & nature
🕷	Spider	Animals & nature
🕸	Spider Web	Animals & nature
🕹	Joystick	Activities & objects
🕺	Man Dancing	People
🕻	Left Hand Telephone Receiver	People
🕼	Telephone Receiver With Page	Activities & objects
🕽	Right Hand Telephone Receiver	People
🕾	White Touchtone Telephone	Activities & objects
🕿	Black Touchtone Telephone	Activities & objects
🖀	Telephone On Top Of Modem	Activities & objects
🖁	Clamshell Mobile Phone	Animals & nature
🖂	Back Of Envelope	Activities & objects
🖃	Stamped Envelope	Activities & objects
🖄	Envelope With Lightning	Animals & nature
🖅	Flying Envelope	Animals & nature
🖆	Pen Over Stamped Envelope	Activities & objects
🖇	Linked Paperclips	Activities & objects
🖈	Black Pushpin	Activities & objects
🖉	Lower Left Pencil	Activities & objects
🖊	Lower Left Ballpoint Pen	Activities & objects
🖋	Lower Left Fountain Pen	Travel & places
🖌	Lower Left Paintbrush	Activities & objects
🖍	Lower Left Crayon	Activities & objects
🖎	Left Writing Hand	People
🖏	Turned Ok Hand Sign	People
🖐	Raised Hand With Fingers Splayed	People
🖑	Reversed Raised Hand With Fingers Splayed	People
🖒	Reversed Thumbs Up Sign	People
🖓	Reversed Thumbs Down Sign	People
🖔	Reversed Victory Hand	People
🖕	Reversed Hand With Middle Finger Extended	People
🖖	Raised Hand With Part Between Middle And Ring Fingers	People
🖗	White Down Pointing Left Hand Index	People
🖘	Sideways White Left Pointing Index	Symbols
🖙	Sideways White Right Pointing Index	Symbols
🖚	Sideways Black Left Pointing Index	Symbols
🖛	Sideways Black Right Pointing Index	Symbols
🖜	Black Left Pointing Backhand Index	People
🖝	Black Right Pointing Backhand Index	People
🖞	Sideways White Up Pointing Index	Symbols
🖟	Sideways White Down Pointing Index	Symbols
🖠	Sideways Black Up Pointing Index	Symbols
🖡	Sideways Black Down Pointing Index	Symbols
🖢	Black Up Pointing Backhand Index	People
🖣	Black Down Pointing Backhand Index	People
🖤	Black Heart	People
🖥	Desktop Computer	Activities & objects
🖦	Keyboard And Mouse	Animals & nature
🖧	Three Networked Computers	Activities & objects
🖨	Printer	Activities & objects
🖩	Pocket Calculator	Other
🖪	Black Hard Shell Floppy Disk	Animals & nature
🖫	White Hard Shell Floppy Disk	Animals & nature
🖬	Soft Shell Floppy Disk	Animals & nature
🖭	Tape Cartridge	Travel & places
🖮	Wired Keyboard	Animals & nature
🖯	One Button Mouse	Animals & nature
🖰	Two Button Mouse	Animals & nature
🖱	Three Button Mouse	Animals & nature
🖲	Trackball	Activities & objects
🖳	Old Personal Computer	People
🖴	Hard Disk	Activities & objects
🖵	Screen	Other
🖶	Printer Icon	Activities & objects
🖷	Fax Icon	Activities & objects
🖸	Optical Disc Icon	Other
🖹	Document With Text	Other
🖺	Document With Text And Picture	Other
🖻	Document With Picture	Other
🖼	Frame With Picture	Other
🖽	Frame With Tiles	Other
🖾	Frame With An X	Other
🖿	Black Folder	People
🗀	Folder	People
🗁	Open Folder	People
🗂	Card Index Dividers	Travel & places
🗃	Card File Box	Animals & nature
🗄	File Cabinet	Activities & objects
🗅	Empty Note	Other
🗆	Empty Note Page	Activities & objects
🗇	Empty Note Pad	Other
🗈	Note	Other
🗉	Note Page	Activities & objects
🗊	Note Pad	Other
🗋	Empty Document	Other
🗌	Empty Page	Activities & objects
🗍	Empty Pages	Activities & objects
🗎	Document	Other
🗏	Page	Activities & objects
🗐	Pages	Activities & objects
🗑	Wastebasket	Activities & objects
🗒	Spiral Note Pad	Other
🗓	Spiral Calendar Pad	Activities & objects
🗔	Desktop Window	Animals & nature
🗕	Minimize	Other
🗖	Maximize	Other
🗗	Overlap	Other
🗘	Clockwise Right And Left Semicircle Arrows	Activities & objects
🗙	Cancellation X	Other
🗚	Increase Font Size Symbol	Symbols
🗛	Decrease Font Size Symbol	Symbols
🗜	Compression	Other
🗝	Old Key	Activities & objects
🗞	Rolled-Up Newspaper	Activities & objects
🗟	Page With Circled Text	Activities & objects
🗠	Stock Chart	Activities & objects
🗡	Dagger Knife	Food & drink
🗢	Lips	Other
🗣	Speaking Head In Silhouette	People
🗤	Three Rays Above	Other
🗥	Three Rays Below	Other
🗦	Three Rays Left	Other
🗧	Three Rays Right	Other
🗨	Left Speech Bubble	Symbols
🗩	Right Speech Bubble	Symbols
🗪	Two Speech Bubbles	Symbols
🗫	Three Speech Bubbles	Symbols
🗬	Left Thought Bubble	Symbols
🗭	Right Thought Bubble	Symbols
🗮	Left Anger Bubble	Symbols
🗯	Right Anger Bubble	Symbols
🗰	Mood Bubble	Other
🗱	Lightning Mood Bubble	Animals & nature
🗲	Lightning Mood	Animals & nature
🗳	Ballot Box With Ballot	Animals & nature
🗴	Ballot Script X	Activities & objects
🗵	Ballot Box With Script X	Animals & nature
🗶	Ballot Bold Script X	Activities & objects
🗷	Ballot Box With Bold Script X	Animals & nature
🗸	Light Check Mark	Symbols
🗹	Ballot Box With Bold Check	Animals & nature
🗺	World Map	Travel & places
🗻	Mount Fuji	Other
🗼	Tokyo Tower	Travel & places
🗽	Statue Of Liberty	Travel & places
🗾	Silhouette Of Japan	Other
🗿	Moyai	Activities & objects
😀	Grinning Face	Smileys
😁	Grinning Face With Smiling Eyes	Smileys
😂	Face With Tears Of Joy	Smileys
😃	Smiling Face With Open Mouth	Smileys
😄	Smiling Face With Open Mouth And Smiling Eyes	Smileys
😅	Smiling Face With Open Mouth And Cold Sweat	Smileys
😆	Smiling Face With Open Mouth And Tightly-Closed Eyes	Smileys
😇	Smiling Face With Halo	Smileys
😈	Smiling Face With Horns	Smileys
😉	Winking Face	Smileys
😊	Smiling Face With Smiling Eyes	Smileys
😋	Face Savouring Delicious Food	Smileys
😌	Relieved Face	Smileys
😍	Smiling Face With Heart-Shaped Eyes	Smileys
😎	Smiling Face With Sunglasses	Smileys
😏	Smirking Face	Smileys
😐	Neutral Face	Smileys
😑	Expressionless Face	Smileys
😒	Unamused Face	Smileys
😓	Face With Cold Sweat	Smileys
😔	Pensive Face	Smileys
😕	Confused Face	Smileys
😖	Confounded Face	Smileys
😗	Kissing Face	Smileys
😘	Face Throwing A Kiss	Smileys
😙	Kissing Face With Smiling Eyes	Smileys
😚	Kissing Face With Closed Eyes	Smileys
😛	Face With Stuck-Out Tongue	Smileys
😜	Face With Stuck-Out Tongue And Winking Eye	Smileys
😝	Face With Stuck-Out Tongue And Tightly-Closed Eyes	Smileys
😞	Disappointed Face	Smileys
😟	Worried Face	Smileys
😠	Angry Face	Smileys
😡	Pouting Face	Smileys
😢	Crying Face	Smileys
😣	Persevering Face	Smileys
😤	Face With Look Of Triumph	Smileys
😥	Disappointed But Relieved Face	Smileys
😦	Frowning Face With Open Mouth	Smileys
😧	Anguished Face	Smileys
😨	Fearful Face	Smileys
😩	Weary Face	Smileys
😪	Sleepy Face	Smileys
😫	Tired Face	Smileys
😬	Grimacing Face	Smileys
😭	Loudly Crying Face	Smileys
😮	Face With Open Mouth	Smileys
😯	Hushed Face	Smileys
😰	Face With Open Mouth And Cold Sweat	Smileys
😱	Face Screaming In Fear	Smileys
😲	Astonished Face	Smileys
😳	Flushed Face	Smileys
😴	Sleeping Face	Smileys
😵	Dizzy Face	Smileys
😶	Face Without Mouth	Smileys
😷	Face With Medical Mask	Smileys
😸	Grinning Cat Face With Smiling Eyes	Smileys
😹	Cat Face With Tears Of Joy	Smileys
😺	Smiling Cat Face With Open Mouth	Smileys
😻	Smiling Cat Face With Heart-Shaped Eyes	Smileys
😼	Cat Face With Wry Smile	Smileys
😽	Kissing Cat Face With Closed Eyes	Smileys
😾	Pouting Cat Face	Smileys
😿	Crying Cat Face	Smileys
🙀	Weary Cat Face	Smileys
🙁	Slightly Frowning Face	Smileys
🙂	Slightly Smiling Face	Smileys
🙃	Upside-Down Face	Smileys
🙄	Face With Rolling Eyes	Smileys
🙅	Face With No Good Gesture	Smileys
🙆	Face With Ok Gesture	Smileys
🙇	Person Bowing Deeply	People
🙈	See-No-Evil Monkey	Smileys
🙉	Hear-No-Evil Monkey	Smileys
🙊	Speak-No-Evil Monkey	Smileys
🙋	Happy Person Raising One Hand	People
🙌	Person Raising Both Hands In Celebration	People
🙍	Person Frowning	People
🙎	Person With Pouting Face	Smileys
🙏	Person With Folded Hands	People
🚀	Rocket	Travel & places
🚁	Helicopter	Travel & places
🚂	Steam Locomotive	Food & drink
🚃	Railway Car	Travel & places
🚄	High-Speed Train	Animals & nature
🚅	High-Speed Train With Bullet Nose	People
🚆	Train	Animals & nature
🚇	Metro	Travel & places
🚈	Light Rail	Other
🚉	Station	Travel & places
🚊	Tram	Travel & places
🚋	Tram Car	Travel & places
🚌	Bus	Travel & places
🚍	Oncoming Bus	Travel & places
🚎	Trolleybus	Travel & places
🚏	Bus Stop	Travel & places
🚐	Minibus	Travel & places
🚑	Ambulance	Other
🚒	Fire Engine	Animals & nature
🚓	Police Car	Food & drink
🚔	Oncoming Police Car	Food & drink
🚕	Taxi	Travel & places
🚖	Oncoming Taxi	Travel & places
🚗	Automobile	Activities & objects
🚘	Oncoming Automobile	Activities & objects
🚙	Recreational Vehicle	Other
🚚	Delivery Truck	Travel & places
🚛	Articulated Lorry	Activities & objects
🚜	Tractor	Travel & places
🚝	Monorail	Travel & places
🚞	Mountain Railway	Animals & nature
🚟	Suspension Railway	Travel & places
🚠	Mountain Cableway	Animals & nature
🚡	Aerial Tramway	Travel & places
🚢	Ship	Travel & places
🚣	Rowboat	People
🚤	Speedboat	Travel & places
🚥	Horizontal Traffic Light	Travel & places
🚦	Vertical Traffic Light	Travel & places
🚧	Construction Sign	Travel & places
🚨	Police Cars Revolving Light	Food & drink
🚩	Triangular Flag On Post	Other
🚪	Door	Activities & objects
🚫	No Entry Sign	Symbols
🚬	Smoking Symbol	Symbols
🚭	No Smoking Symbol	Symbols
🚮	Put Litter In Its Place Symbol	Symbols
🚯	Do Not Litter Symbol	Symbols
🚰	Potable Water Symbol	Symbols
🚱	Non-Potable Water Symbol	Symbols
🚲	Bicycle	Travel & places
🚳	No Bicycles	Travel & places
🚴	Bicyclist	Other
🚵	Mountain Bicyclist	Animals & nature
🚶	Pedestrian	Other
🚷	No Pedestrians	Other
🚸	Children Crossing	People
🚹	Mens Symbol	Symbols
🚺	Womens Symbol	Symbols
🚻	Restroom	Other
🚼	Baby Symbol	People
🚽	Toilet	Activities & objects
🚾	Water Closet	Other
🚿	Shower	Activities & objects
🛀	Bath	People
🛁	Bathtub	People
🛂	Passport Control	Travel & places
🛃	Customs	Other
🛄	Baggage Claim	Other
🛅	Left Luggage	Travel & places
🛆	Triangle With Rounded Corners	Food & drink
🛇	Prohibited Sign	Symbols
🛈	Circled Information Source	Symbols
🛉	Boys Symbol	People
🛊	Girls Symbol	People
🛋	Couch And Lamp	Activities & objects
🛌	Sleeping Accommodation	Symbols
🛍	Shopping Bags	Activities & objects
🛎	Bellhop Bell	Travel & places
🛏	Bed	Activities & objects
🛐	Place Of Worship	Travel & places
🛑	Octagonal Sign	Symbols
🛒	Shopping Trolley	Travel & places
🛓	Stupa	Other
🛔	Pagoda	Other
🛕	Hindu Temple	Travel & places
🛖	Hut	Travel & places
🛗	Elevator	Activities & objects
🛜	Wireless	Other
🛝	Playground Slide	Symbols
🛞	Wheel	Travel & places
🛟	Ring Buoy	Activities & objects
🛠	Hammer And Wrench	Activities & objects
🛡	Shield	Activities & objects
🛢	Oil Drum	Activities & objects
🛣	Motorway	Travel & places
🛤	Railway Track	Travel & places
🛥	Motor Boat	Travel & places
🛦	Up-Pointing Military Airplane	Travel & places
🛧	Up-Pointing Airplane	Travel & places
🛨	Up-Pointing Small Airplane	Travel & places
🛩	Small Airplane	Travel & places
🛪	Northeast-Pointing Airplane	Travel & places
🛫	Airplane Departure	Travel & places
🛬	Airplane Arriving	Travel & places
🛰	Satellite	Travel & places
🛱	Oncoming Fire Engine	Animals & nature
🛲	Diesel Locomotive	Activities & objects
🛳	Passenger Ship	Travel & places
🛴	Scooter	Travel & places
🛵	Motor Scooter	Travel & places
🛶	Canoe	Travel & places
🛷	Sled	Activities & objects
🛸	Flying Saucer	Animals & nature
🛹	Skateboard	Animals & nature
🛺	Auto Rickshaw	Other
🛻	Pickup Truck	Travel & places
🛼	Roller Skate	Travel & places
🤀	Circled Cross Formee With Four Dots	Symbols
🤁	Circled Cross Formee With Two Dots	Symbols
🤂	Circled Cross Formee	Symbols
🤃	Left Half Circle With Four Dots	Symbols
🤄	Left Half Circle With Three Dots	Symbols
🤅	Left Half Circle With Two Dots	Symbols
🤆	Left Half Circle With Dot	Symbols
🤇	Left Half Circle	Symbols
🤈	Downward Facing Hook	Activities & objects
🤉	Downward Facing Notched Hook	Activities & objects
🤊	Downward Facing Hook With Dot	Activities & objects
🤋	Downward Facing Notched Hook With Dot	Activities & objects
🤌	Pinched Fingers	People
🤍	White Heart	People
🤎	Brown Heart	People
🤏	Pinching Hand	People
🤐	Zipper-Mouth Face	Smileys
🤑	Money-Mouth Face	Smileys
🤒	Face With Thermometer	Smileys
🤓	Nerd Face	Smileys
🤔	Thinking Face	Smileys
🤕	Face With Head-Bandage	Smileys
🤖	Robot Face	Smileys
🤗	Hugging Face	Smileys
🤘	Sign Of The Horns	Symbols
🤙	Call Me Hand	People
🤚	Raised Back Of Hand	People
🤛	Left-Facing Fist	People
🤜	Right-Facing Fist	People
🤝	Handshake	People
🤞	Hand With Index And Middle Fingers Crossed	People
🤟	I Love You Hand Sign	People
🤠	Face With Cowboy Hat	Smileys
🤡	Clown Face	Smileys
🤢	Nauseated Face	Smileys
🤣	Rolling On The Floor Laughing	Other
🤤	Drooling Face	Smileys
🤥	Lying Face	Smileys
🤦	Face Palm	Smileys
🤧	Sneezing Face	Smileys
🤨	Face With One Eyebrow Raised	Smileys
🤩	Grinning Face With Star Eyes	Smileys
🤪	Grinning Face With One Large And One Small Eye	Smileys
🤫	Face With Finger Covering Closed Lips	Smileys
🤬	Serious Face With Symbols Covering Mouth	Smileys
🤭	Smiling Face With Smiling Eyes And Hand Covering Mouth	Smileys
🤮	Face With Open Mouth Vomiting	Smileys
🤯	Shocked Face With Exploding Head	Smileys
🤰	Pregnant Woman	People
🤱	Breast-Feeding	People
🤲	Palms Up Together	People
🤳	Selfie	People
🤴	Prince	People
🤵	Man In Tuxedo	People
🤶	Mother Christmas	Activities & objects
🤷	Shrug	People
🤸	Person Doing Cartwheel	People
🤹	Juggling	People
🤺	Fencer	People
🤻	Modern Pentathlon	Activities & objects
🤼	Wrestlers	People
🤽	Water Polo	People
🤾	Handball	People
🤿	Diving Mask	Activities & objects
🥀	Wilted Flower	Animals & nature
🥁	Drum With Drumsticks	Activities & objects
🥂	Clinking Glasses	Food & drink
🥃	Tumbler Glass	Food & drink
🥄	Spoon	Smileys
🥅	Goal Net	Activities & objects
🥆	Rifle	Other
🥇	First Place Medal	Activities & objects
🥈	Second Place Medal	Activities & objects
🥉	Third Place Medal	Activities & objects
🥊	Boxing Glove	Animals & nature
🥋	Martial Arts Uniform	Activities & objects
🥌	Curling Stone	Activities & objects
🥍	Lacrosse Stick And Ball	Activities & objects
🥎	Softball	Activities & objects
🥏	Flying Disc	Animals & nature
🥐	Croissant	Animals & nature
🥑	Avocado	Food & drink
🥒	Cucumber	Food & drink
🥓	Bacon	Food & drink
🥔	Potato	Food & drink
🥕	Carrot	Food & drink
🥖	Baguette Bread	Food & drink
🥗	Green Salad	Food & drink
🥘	Shallow Pan Of Food	Food & drink
🥙	Stuffed Flatbread	Food & drink
🥚	Egg	Food & drink
🥛	Glass Of Milk	Food & drink
🥜	Peanuts	Food & drink
🥝	Kiwifruit	Food & drink
🥞	Pancakes	Food & drink
🥟	Dumpling	Food & drink
🥠	Fortune Cookie	Food & drink
🥡	Takeout Box	Animals & nature
🥢	Chopsticks	Food & drink
🥣	Bowl With Spoon	Smileys
🥤	Cup With Straw	Food & drink
🥥	Coconut	Food & drink
🥦	Broccoli	Food & drink
🥧	Pie	Food & drink
🥨	Pretzel	Food & drink
🥩	Cut Of Meat	Food & drink
🥪	Sandwich	Food & drink
🥫	Canned Food	Food & drink
🥬	Leafy Green	Animals & nature
🥭	Mango	People
🥮	Moon Cake	Animals & nature
🥯	Bagel	Food & drink
🥰	Smiling Face With Smiling Eyes And Three Hearts	Smileys
🥱	Yawning Face	Smileys
🥲	Smiling Face With Tear	Smileys
🥳	Face With Party Horn And Party Hat	Smileys
🥴	Face With Uneven Eyes And Wavy Mouth	Smileys
🥵	Overheated Face	Smileys
🥶	Freezing Face	Smileys
🥷	Ninja	People
🥸	Disguised Face	Smileys
🥹	Face Holding Back Tears	Smileys
🥺	Face With Pleading Eyes	Smileys
🥻	Sari	Activities & objects
🥼	Lab Coat	Activities & objects
🥽	Goggles	Activities & objects
🥾	Hiking Boot	Activities & objects
🥿	Flat Shoe	Activities & objects
🦀	Crab	Animals & nature
🦁	Lion Face	Smileys
🦂	Scorpion	Animals & nature
🦃	Turkey	Animals & nature
🦄	Unicorn Face	Smileys
🦅	Eagle	Other
🦆	Duck	Animals & nature
🦇	Bat	Animals & nature
🦈	Shark	Animals & nature
🦉	Owl	Animals & nature
🦊	Fox Face	Smileys
🦋	Butterfly	Animals & nature
🦌	Deer	Animals & nature
🦍	Gorilla	Animals & nature
🦎	Lizard	Animals & nature
🦏	Rhinoceros	Animals & nature
🦐	Shrimp	Animals & nature
🦑	Squid	Animals & nature
🦒	Giraffe Face	Smileys
🦓	Zebra Face	Smileys
🦔	Hedgehog	Animals & nature
🦕	Sauropod	Animals & nature
🦖	T-Rex	Other
🦗	Cricket	Animals & nature
🦘	Kangaroo	Animals & nature
🦙	Llama	Animals & nature
🦚	Peacock	Animals & nature
🦛	Hippopotamus	Animals & nature
🦜	Parrot	Animals & nature
🦝	Raccoon	Other
🦞	Lobster	Animals & nature
🦟	Mosquito	Animals & nature
🦠	Microbe	Animals & nature
🦡	Badger	Animals & nature
🦢	Swan	Animals & nature
🦣	Mammoth	Animals & nature
🦤	Dodo	Animals & nature
🦥	Sloth	Animals & nature
🦦	Otter	Animals & nature
🦧	Orangutan	Animals & nature
🦨	Skunk	Animals & nature
🦩	Flamingo	Animals & nature
🦪	Oyster	Animals & nature
🦫	Beaver	Animals & nature
🦬	Bison	Animals & nature
🦭	Seal	Animals & nature
🦮	Guide Dog	Animals & nature
🦯	Probing Cane	Activities & objects
🦰	Emoji Component Red Hair	Symbols
🦱	Emoji Component Curly Hair	Other
🦲	Emoji Component Bald	Other
🦳	Emoji Component White Hair	Symbols
🦴	Bone	People
🦵	Leg	People
🦶	Foot	People
🦷	Tooth	People
🦸	Superhero	People
🦹	Supervillain	People
🦺	Safety Vest	Other
🦻	Ear With Hearing Aid	People
🦼	Motorized Wheelchair	Travel & places
🦽	Manual Wheelchair	People
🦾	Mechanical Arm	People
🦿	Mechanical Leg	People
🧀	Cheese Wedge	Food & drink
🧁	Cupcake	Food & drink
🧂	Salt Shaker	Food & drink
🧃	Beverage Box	Animals & nature
🧄	Garlic	Food & drink
🧅	Onion	Food & drink
🧆	Falafel	Food & drink
🧇	Waffle	Food & drink
🧈	Butter	Food & drink
🧉	Mate Drink	Food & drink
🧊	Ice Cube	Food & drink
🧋	Bubble Tea	Food & drink
🧌	Troll	Other
🧍	Standing Person	People
🧎	Kneeling Person	People
🧏	Deaf Person	People
🧐	Face With Monocle	Smileys
🧑	Adult	People
🧒	Child	People
🧓	Older Adult	People
🧔	Bearded Person	People
🧕	Person With Headscarf	People
🧖	Person In Steamy Room	People
🧗	Person Climbing	People
🧘	Person In Lotus Position	People
🧙	Mage	Other
🧚	Fairy	People
🧛	Vampire	People
🧜	Merperson	People
🧝	Elf	People
🧞	Genie	People
🧟	Zombie	People
🧠	Brain	People
🧡	Orange Heart	People
🧢	Billed Cap	Other
🧣	Scarf	Travel & places
🧤	Gloves	Activities & objects
🧥	Coat	Activities & objects
🧦	Socks	Activities & objects
🧧	Red Gift Envelope	Activities & objects
🧨	Firecracker	Animals & nature
🧩	Jigsaw Puzzle Piece	Food & drink
🧪	Test Tube	Activities & objects
🧫	Petri Dish	Activities & objects
🧬	Dna Double Helix	Activities & objects
🧭	Compass	Travel & places
🧮	Abacus	Activities & objects
🧯	Fire Extinguisher	Animals & nature
🧰	Toolbox	Animals & nature
🧱	Brick	Other
🧲	Magnet	Activities & objects
🧳	Luggage	Travel & places
🧴	Lotion Bottle	Food & drink
🧵	Spool Of Thread	Smileys
🧶	Ball Of Yarn	Activities & objects
🧷	Safety Pin	Other
🧸	Teddy Bear	People
🧹	Broom	Activities & objects
🧺	Basket	Activities & objects
🧻	Roll Of Paper	Activities & objects
🧼	Bar Of Soap	Activities & objects
🧽	Sponge	Activities & objects
🧾	Receipt	Activities & objects
🧿	Nazar Amulet	Other
🩰	Ballet Shoes	Activities & objects
🩱	One-Piece Swimsuit	Food & drink
🩲	Briefs	Other
🩳	Shorts	Other
🩴	Thong Sandal	Activities & objects
🩵	Light Blue Heart	People
🩶	Grey Heart	People
🩷	Pink Heart	People
🩸	Drop Of Blood	Other
🩹	Adhesive Bandage	Activities & objects
🩺	Stethoscope	Activities & objects
🩻	X-Ray	Other
🩼	Crutch	Other
🪀	Yo-Yo	Activities & objects
🪁	Kite	Activities & objects
🪂	Parachute	Travel & places
🪃	Boomerang	Activities & objects
🪄	Magic Wand	Other
🪅	Pinata	Other
🪆	Nesting Dolls	Animals & nature
🪇	Maracas	Other
🪈	Flute	Other
🪉	Harp	Other
🪏	Shovel	Other
🪐	Ringed Planet	Activities & objects
🪑	Chair	Activities & objects
🪒	Razor	Activities & objects
🪓	Axe	Activities & objects
🪔	Diya Lamp	Activities & objects
🪕	Banjo	Activities & objects
🪖	Military Helmet	Activities & objects
🪗	Accordion	Other
🪘	Long Drum	Activities & objects
🪙	Coin	Activities & objects
🪚	Carpentry Saw	Travel & places
🪛	Screwdriver	Activities & objects
🪜	Ladder	Activities & objects
🪝	Hook	Activities & objects
🪞	Mirror	Activities & objects
🪟	Window	Animals & nature
🪠	Plunger	People
🪡	Sewing Needle	Activities & objects
🪢	Knot	Activities & objects
🪣	Bucket	Activities & objects
🪤	Mouse Trap	Animals & nature
🪥	Toothbrush	People
🪦	Headstone	Activities & objects
🪧	Placard	Travel & places
🪨	Rock	Other
🪩	Mirror Ball	Activities & objects
🪪	Identification Card	Animals & nature
🪫	Low Battery	Animals & nature
🪬	Hamsa	Other
🪭	Folding Hand Fan	People
🪮	Hair Pick	Activities & objects
🪯	Khanda	People
🪰	Fly	Animals & nature
🪱	Worm	Animals & nature
🪲	Beetle	Animals & nature
🪳	Cockroach	Animals & nature
🪴	Potted Plant	Animals & nature
🪵	Wood	Other
🪶	Feather	Animals & nature
🪷	Lotus	Animals & nature
🪸	Coral	Animals & nature
🪹	Empty Nest	Animals & nature
🪺	Nest With Eggs	Animals & nature
🪻	Hyacinth	Other
🪼	Jellyfish	Animals & nature
🪽	Wing	Other
🪾	Leafless Tree	Animals & nature
🪿	Goose	Animals & nature
🫀	Anatomical Heart	People
🫁	Lungs	People
🫂	People Hugging	People
🫃	Pregnant Man	People
🫄	Pregnant Person	People
🫅	Person With Crown	People
🫆	Fingerprint	People
🫎	Moose	Other
🫏	Donkey	Activities & objects
🫐	Blueberries	Symbols
🫑	Bell Pepper	Food & drink
🫒	Olive	Food & drink
🫓	Flatbread	Food & drink
🫔	Tamale	Food & drink
🫕	Fondue	Food & drink
🫖	Teapot	Food & drink
🫗	Pouring Liquid	Activities & objects
🫘	Beans	Food & drink
🫙	Jar	Food & drink
🫚	Ginger Root	Other
🫛	Pea Pod	Other
🫜	Root Vegetable	Other
🫟	Splatter	Other
🫠	Melting Face	Smileys
🫡	Saluting Face	Smileys
🫢	Face With Open Eyes And Hand Over Mouth	Smileys
🫣	Face With Peeking Eye	Smileys
🫤	Face With Diagonal Mouth	Smileys
🫥	Dotted Line Face	Smileys
🫦	Biting Lip	Other
🫧	Bubbles	Other
🫨	Shaking Face	Smileys
🫩	Face With Bags Under Eyes	Smileys
🫰	Hand With Index Finger And Thumb Crossed	People
🫱	Rightwards Hand	People
🫲	Leftwards Hand	People
🫳	Palm Down Hand	People
🫴	Palm Up Hand	People
🫵	Index Pointing At The Viewer	Other
🫶	Heart Hands	People
🫷	Leftwards Pushing Hand	People
🫸	Rightwards Pushing Hand	People
☀	Black Sun With Rays	Animals & nature
☁	Cloud	Animals & nature
☂	Umbrella	Activities & objects
☃	Snowman	People
☄	Comet	Animals & nature
★	Black Star	Animals & nature
☆	White Star	Animals & nature
☇	Lightning	Animals & nature
☈	Thunderstorm	Other
☉	Sun	Animals & nature
☊	Ascending Node	Other
☋	Descending Node	Other
☌	Conjunction	Other
☍	Opposition	Other
☎	Black Telephone	Activities & objects
☏	White Telephone	Activities & objects
☐	Ballot Box	Animals & nature
☑	Ballot Box With Check	Animals & nature
☒	Ballot Box With X	Animals & nature
☓	Saltire	Food & drink
☔	Umbrella With Rain Drops	Animals & nature
☕	Hot Beverage	Other
☖	White Shogi Piece	Food & drink
☗	Black Shogi Piece	Food & drink
☘	Shamrock	Animals & nature
☙	Reversed Rotated Floral Heart Bullet	People
☚	Black Left Pointing Index	Symbols
☛	Black Right Pointing Index	Symbols
☜	White Left Pointing Index	Symbols
☝	White Up Pointing Index	Symbols
☞	White Right Pointing Index	Symbols
☟	White Down Pointing Index	Symbols
☠	Skull And Crossbones	Smileys
☡	Caution Sign	Symbols
☢	Radioactive Sign	Activities & objects
☣	Biohazard Sign	Symbols
☤	Caduceus	Other
☥	Ankh	Other
☦	Orthodox Cross	Animals & nature
☧	Chi Rho	Other
☨	Cross Of Lorraine	Animals & nature
☩	Cross Of Jerusalem	Symbols
☪	Star And Crescent	Animals & nature
☫	Farsi Symbol	Symbols
☬	Adi Shakti	Other
☭	Hammer And Sickle	Activities & objects
☮	Peace Symbol	Symbols
☯	Yin Yang	Symbols
☰	Trigram For Heaven	Other
☱	Trigram For Lake	Other
☲	Trigram For Fire	Animals & nature
☳	Trigram For Thunder	Other
☴	Trigram For Wind	Animals & nature
☵	Trigram For Water	Other
☶	Trigram For Mountain	Animals & nature
☷	Trigram For Earth	People
☸	Wheel Of Dharma	People
☹	White Frowning Face	Smileys
☺	White Smiling Face	Smileys
☻	Black Smiling Face	Smileys
☼	White Sun With Rays	Animals & nature
☽	First Quarter Moon	Animals & nature
☾	Last Quarter Moon	Animals & nature
☿	Mercury	Other
♀	Female Sign	Symbols
♁	Earth	People
♂	Male Sign	Symbols
♃	Jupiter	Other
♄	Saturn	Activities & objects
♅	Uranus	Other
♆	Neptune	Other
♇	Pluto	Other
♈	Aries	Symbols
♉	Taurus	Symbols
♊	Gemini	Activities & objects
♋	Cancer	Symbols
♌	Leo	Symbols
♍	Virgo	Symbols
♎	Libra	Symbols
♏	Scorpius	Symbols
♐	Sagittarius	Symbols
♑	Capricorn	Food & drink
♒	Aquarius	Symbols
♓	Pisces	Symbols
♔	White Chess King	Symbols
♕	White Chess Queen	Symbols
♖	White Chess Rook	Symbols
♗	White Chess Bishop	Symbols
♘	White Chess Knight	Symbols
♙	White Chess Pawn	Animals & nature
♚	Black Chess King	Symbols
♛	Black Chess Queen	Symbols
♜	Black Chess Rook	Symbols
♝	Black Chess Bishop	Symbols
♞	Black Chess Knight	Symbols
♟	Black Chess Pawn	Animals & nature
♠	Black Spade Suit	Symbols
♡	White Heart Suit	People
♢	White Diamond Suit	Symbols
♣	Black Club Suit	Symbols
♤	White Spade Suit	Symbols
♥	Black Heart Suit	People
♦	Black Diamond Suit	Symbols
♧	White Club Suit	Symbols
♨	Hot Springs	Activities & objects
♩	Quarter Note	Activities & objects
♪	Eighth Note	Other
♫	Beamed Eighth Notes	Other
♬	Beamed Sixteenth Notes	Other
♭	Music Flat Sign	Symbols
♮	Music Natural Sign	Symbols
♯	Music Sharp Sign	Symbols
♰	West Syriac Cross	Symbols
♱	East Syriac Cross	Symbols
♲	Universal Recycling Symbol	Symbols
♳	Recycling Symbol For Type-1 Plastics	Symbols
♴	Recycling Symbol For Type-2 Plastics	Symbols
♵	Recycling Symbol For Type-3 Plastics	Symbols
♶	Recycling Symbol For Type-4 Plastics	Symbols
♷	Recycling Symbol For Type-5 Plastics	Symbols
♸	Recycling Symbol For Type-6 Plastics	Symbols
♹	Recycling Symbol For Type-7 Plastics	Symbols
♺	Recycling Symbol For Generic Materials	Food & drink
♻	Black Universal Recycling Symbol	Symbols
♼	Recycled Paper Symbol	Symbols
♽	Partially-Recycled Paper Symbol	Activities & objects
♾	Permanent Paper Sign	People
♿	Wheelchair Symbol	Travel & places
⚀	Die Face-1	Smileys
⚁	Die Face-2	Smileys
⚂	Die Face-3	Smileys
⚃	Die Face-4	Smileys
⚄	Die Face-5	Smileys
⚅	Die Face-6	Smileys
⚆	White Circle With Dot Right	Symbols
⚇	White Circle With Two Dots	Symbols
⚈	Black Circle With White Dot Right	Symbols
⚉	Black Circle With Two White Dots	Symbols
⚊	Monogram For Yang	Other
⚋	Monogram For Yin	Symbols
⚌	Digram For Greater Yang	Other
⚍	Digram For Lesser Yin	Symbols
⚎	Digram For Lesser Yang	Other
⚏	Digram For Greater Yin	Symbols
⚐	White Flag	Symbols
⚑	Black Flag	Symbols
⚒	Hammer And Pick	Activities & objects
⚓	Anchor	Travel & places
⚔	Crossed Swords	Activities & objects
⚕	Staff Of Aesculapius	Other
⚖	Scales	Other
⚗	Alembic	Activities & objects
⚘	Flower	Animals & nature
⚙	Gear	People
⚚	Staff Of Hermes	Other
⚛	Atom Symbol	Symbols
⚜	Fleur-De-Lis	Symbols
⚝	Outlined White Star	Animals & nature
⚞	Three Lines Converging Right	Other
⚟	Three Lines Converging Left	Other
⚠	Warning Sign	Symbols
⚡	High Voltage Sign	Animals & nature
⚢	Doubled Female Sign	Symbols
⚣	Doubled Male Sign	Symbols
⚤	Interlocked Female And Male Sign	Activities & objects
⚥	Male And Female Sign	Symbols
⚦	Male With Stroke Sign	Symbols
⚧	Male With Stroke And Male And Female Sign	Symbols
⚨	Vertical Male With Stroke Sign	Symbols
⚩	Horizontal Male With Stroke Sign	Symbols
⚪	Medium White Circle	Symbols
⚫	Medium Black Circle	Symbols
⚬	Medium Small White Circle	Symbols
⚭	Marriage Symbol	Symbols
⚮	Divorce Symbol	Symbols
⚯	Unmarried Partnership Symbol	Travel & places
⚰	Coffin	Activities & objects
⚱	Funeral Urn	Activities & objects
⚲	Neuter	Other
⚳	Ceres	Other
⚴	Pallas	Other
⚵	Juno	Other
⚶	Vesta	Other
⚷	Chiron	Other
⚸	Black Moon Lilith	Animals & nature
⚹	Sextile	Other
⚺	Semisextile	Other
⚻	Quincunx	Other
⚼	Sesquiquadrate	Animals & nature
⚽	Soccer Ball	Activities & objects
⚾	Baseball	Activities & objects
⚿	Squared Key	Activities & objects
⛀	White Draughts Man	People
⛁	White Draughts King	Symbols
⛂	Black Draughts Man	People
⛃	Black Draughts King	Symbols
⛄	Snowman Without Snow	People
⛅	Sun Behind Cloud	Animals & nature
⛆	Rain	Animals & nature
⛇	Black Snowman	People
⛈	Thunder Cloud And Rain	Animals & nature
⛉	Turned White Shogi Piece	Food & drink
⛊	Turned Black Shogi Piece	Food & drink
⛋	White Diamond In Square	Symbols
⛌	Crossing Lanes	Symbols
⛍	Disabled Car	Travel & places
⛎	Ophiuchus	Symbols
⛏	Pick	Activities & objects
⛐	Car Sliding	Travel & places
⛑	Helmet With White Cross	Activities & objects
⛒	Circled Crossing Lanes	Symbols
⛓	Chains	Activities & objects
⛔	No Entry	Symbols
⛕	Alternate One-Way Left Way Traffic	Travel & places
⛖	Black Two-Way Left Way Traffic	Travel & places
⛗	White Two-Way Left Way Traffic	Travel & places
⛘	Black Left Lane Merge	Symbols
⛙	White Left Lane Merge	Symbols
⛚	Drive Slow Sign	Symbols
⛛	Heavy White Down-Pointing Triangle	Symbols
⛜	Left Closed Entry	Other
⛝	Squared Saltire	Food & drink
⛞	Falling Diagonal In White Circle In Black Square	Symbols
⛟	Black Truck	Travel & places
⛠	Restricted Left Entry-1	Other
⛡	Restricted Left Entry-2	Other
⛢	Astronomical Symbol For Uranus	Symbols
⛣	Heavy Circle With Stroke And Two Dots Above	Symbols
⛤	Pentagram	Activities & objects
⛥	Right-Handed Interlaced Pentagram	People
⛦	Left-Handed Interlaced Pentagram	People
⛧	Inverted Pentagram	Activities & objects
⛨	Black Cross On Shield	Activities & objects
⛩	Shinto Shrine	Travel & places
⛪	Church	Travel & places
⛫	Castle	Travel & places
⛬	Historic Site	Other
⛭	Gear Without Hub	People
⛮	Gear With Handles	People
⛯	Map Symbol For Lighthouse	Travel & places
⛰	Mountain	Animals & nature
⛱	Umbrella On Ground	Activities & objects
⛲	Fountain	Travel & places
⛳	Flag In Hole	Other
⛴	Ferry	Travel & places
⛵	Sailboat	Travel & places
⛶	Square Four Corners	Food & drink
⛷	Skier	People
⛸	Ice Skate	Food & drink
⛹	Person With Ball	People
⛺	Tent	Travel & places
⛻	Japanese Bank Symbol	Travel & places
⛼	Headstone Graveyard Symbol	Activities & objects
⛽	Fuel Pump	Travel & places
⛾	Cup On Black Square	Symbols
⛿	White Flag With Horizontal Middle Black Stripe	Symbols
✀	Black Safety Scissors	Activities & objects
✁	Upper Blade Scissors	Activities & objects
✂	Black Scissors	Activities & objects
✃	Lower Blade Scissors	Activities & objects
✄	White Scissors	Activities & objects
✅	White Heavy Check Mark	Symbols
✆	Telephone Location Sign	Animals & nature
✇	Tape Drive	Other
✈	Airplane	Travel & places
✉	Envelope	Activities & objects
✊	Raised Fist	People
✋	Raised Hand	People
✌	Victory Hand	People
✍	Writing Hand	People
✎	Lower Right Pencil	Activities & objects
✏	Pencil	Activities & objects
✐	Upper Right Pencil	Activities & objects
✑	White Nib	Symbols
✒	Black Nib	Symbols
✓	Check Mark	Symbols
✔	Heavy Check Mark	Symbols
✕	Multiplication X	Animals & nature
✖	Heavy Multiplication X	Animals & nature
✗	Ballot X	Activities & objects
✘	Heavy Ballot X	Activities & objects
✙	Outlined Greek Cross	Symbols
✚	Heavy Greek Cross	Symbols
✛	Open Centre Cross	Activities & objects
✜	Heavy Open Centre Cross	Activities & objects
✝	Latin Cross	Symbols
✞	Shadowed White Latin Cross	Symbols
✟	Outlined Latin Cross	Symbols
✠	Maltese Cross	Symbols
✡	Star Of David	Animals & nature
✢	Four Teardrop-Spoked Asterisk	Smileys
✣	Four Balloon-Spoked Asterisk	Activities & objects
✤	Heavy Four Balloon-Spoked Asterisk	Activities & objects
✥	Four Club-Spoked Asterisk	Symbols
✦	Black Four Pointed Star	Animals & nature
✧	White Four Pointed Star	Animals & nature
✨	Sparkles	Travel & places
✩	Stress Outlined White Star	Animals & nature
✪	Circled White Star	Animals & nature
✫	Open Centre Black Star	Animals & nature
✬	Black Centre White Star	Animals & nature
✭	Outlined Black Star	Animals & nature
✮	Heavy Outlined Black Star	Animals & nature
✯	Pinwheel Star	Animals & nature
✰	Shadowed White Star	Animals & nature
✱	Heavy Asterisk	Symbols
✲	Open Centre Asterisk	Activities & objects
✳	Eight Spoked Asterisk	Symbols
✴	Eight Pointed Black Star	Animals & nature
✵	Eight Pointed Pinwheel Star	Animals & nature
✶	Six Pointed Black Star	Animals & nature
✷	Eight Pointed Rectilinear Black Star	People
✸	Heavy Eight Pointed Rectilinear Black Star	People
✹	Twelve Pointed Black Star	Animals & nature
✺	Sixteen Pointed Asterisk	Symbols
✻	Teardrop-Spoked Asterisk	Smileys
✼	Open Centre Teardrop-Spoked Asterisk	Smileys
✽	Heavy Teardrop-Spoked Asterisk	Smileys
✾	Six Petalled Black And White Florette	Symbols
✿	Black Florette	Symbols
❀	White Florette	Symbols
❁	Eight Petalled Outlined Black Florette	Symbols
❂	Circled Open Centre Eight Pointed Star	Animals & nature
❃	Heavy Teardrop-Spoked Pinwheel Asterisk	Smileys
❄	Snowflake	Animals & nature
❅	Tight Trifoliate Snowflake	Animals & nature
❆	Heavy Chevron Snowflake	Animals & nature
❇	Sparkle	Travel & places
❈	Heavy Sparkle	Travel & places
❉	Balloon-Spoked Asterisk	Activities & objects
❊	Eight Teardrop-Spoked Propeller Asterisk	Smileys
❋	Heavy Eight Teardrop-Spoked Propeller Asterisk	Smileys
❌	Cross Mark	Symbols
❍	Shadowed White Circle	Symbols
❎	Negative Squared Cross Mark	Symbols
❏	Lower Right Drop-Shadowed White Square	Symbols
❐	Upper Right Drop-Shadowed White Square	Symbols
❑	Lower Right Shadowed White Square	Symbols
❒	Upper Right Shadowed White Square	Symbols
❓	Black Question Mark Ornament	Symbols
❔	White Question Mark Ornament	Symbols
❕	White Exclamation Mark Ornament	Symbols
❖	Black Diamond Minus White X	Symbols
❗	Heavy Exclamation Mark Symbol	Symbols
❘	Light Vertical Bar	Other
❙	Medium Vertical Bar	Other
❚	Heavy Vertical Bar	Other
❛	Heavy Single Turned Comma Quotation Mark Ornament	Activities & objects
❜	Heavy Single Comma Quotation Mark Ornament	Symbols
❝	Heavy Double Turned Comma Quotation Mark Ornament	Activities & objects
❞	Heavy Double Comma Quotation Mark Ornament	Symbols
❟	Heavy Low Single Comma Quotation Mark Ornament	Symbols
❠	Heavy Low Double Comma Quotation Mark Ornament	Symbols
❡	Curved Stem Paragraph Sign Ornament	Symbols
❢	Heavy Exclamation Mark Ornament	Symbols
❣	Heavy Heart Exclamation Mark Ornament	People
❤	Heavy Black Heart	People
❥	Rotated Heavy Black Heart Bullet	People
❦	Floral Heart	People
❧	Rotated Floral Heart Bullet	People
❨	Medium Left Parenthesis Ornament	Other
❩	Medium Right Parenthesis Ornament	Other
❪	Medium Flattened Left Parenthesis Ornament	Other
❫	Medium Flattened Right Parenthesis Ornament	Other
❬	Medium Left-Pointing Angle Bracket Ornament	Other
❭	Medium Right-Pointing Angle Bracket Ornament	Other
❮	Heavy Left-Pointing Angle Quotation Mark Ornament	Symbols
❯	Heavy Right-Pointing Angle Quotation Mark Ornament	Symbols
❰	Heavy Left-Pointing Angle Bracket Ornament	Other
❱	Heavy Right-Pointing Angle Bracket Ornament	Other
❲	Light Left Tortoise Shell Bracket Ornament	Animals & nature
❳	Light Right Tortoise Shell Bracket Ornament	Animals & nature
❴	Medium Left Curly Bracket Ornament	Other
❵	Medium Right Curly Bracket Ornament	Other
❶	Dingbat Negative Circled Digit One	Animals & nature
❷	Dingbat Negative Circled Digit Two	Animals & nature
❸	Dingbat Negative Circled Digit Three	Animals & nature
❹	Dingbat Negative Circled Digit Four	Animals & nature
❺	Dingbat Negative Circled Digit Five	Animals & nature
❻	Dingbat Negative Circled Digit Six	Animals & nature
❼	Dingbat Negative Circled Digit Seven	Animals & nature
❽	Dingbat Negative Circled Digit Eight	Animals & nature
❾	Dingbat Negative Circled Digit Nine	Animals & nature
❿	Dingbat Negative Circled Number Ten	Animals & nature
➀	Dingbat Circled Sans-Serif Digit One	Animals & nature
➁	Dingbat Circled Sans-Serif Digit Two	Animals & nature
➂	Dingbat Circled Sans-Serif Digit Three	Animals & nature
➃	Dingbat Circled Sans-Serif Digit Four	Animals & nature
➄	Dingbat Circled Sans-Serif Digit Five	Animals & nature
➅	Dingbat Circled Sans-Serif Digit Six	Animals & nature
➆	Dingbat Circled Sans-Serif Digit Seven	Animals & nature
➇	Dingbat Circled Sans-Serif Digit Eight	Animals & nature
➈	Dingbat Circled Sans-Serif Digit Nine	Animals & nature
➉	Dingbat Circled Sans-Serif Number Ten	Animals & nature
➊	Dingbat Negative Circled Sans-Serif Digit One	Animals & nature
➋	Dingbat Negative Circled Sans-Serif Digit Two	Animals & nature
➌	Dingbat Negative Circled Sans-Serif Digit Three	Animals & nature
➍	Dingbat Negative Circled Sans-Serif Digit Four	Animals & nature
➎	Dingbat Negative Circled Sans-Serif Digit Five	Animals & nature
➏	Dingbat Negative Circled Sans-Serif Digit Six	Animals & nature
➐	Dingbat Negative Circled Sans-Serif Digit Seven	Animals & nature
➑	Dingbat Negative Circled Sans-Serif Digit Eight	Animals & nature
➒	Dingbat Negative Circled Sans-Serif Digit Nine	Animals & nature
➓	Dingbat Negative Circled Sans-Serif Number Ten	Animals & nature
➔	Heavy Wide-Headed Rightwards Arrow	Symbols
➕	Heavy Plus Sign	Symbols
➖	Heavy Minus Sign	Symbols
➗	Heavy Division Sign	Symbols
➘	Heavy South East Arrow	Symbols
➙	Heavy Rightwards Arrow	Symbols
➚	Heavy North East Arrow	Symbols
➛	Drafting Point Rightwards Arrow	Symbols
➜	Heavy Round-Tipped Rightwards Arrow	Symbols
➝	Triangle-Headed Rightwards Arrow	Symbols
➞	Heavy Triangle-Headed Rightwards Arrow	Symbols
➟	Dashed Triangle-Headed Rightwards Arrow	Symbols
➠	Heavy Dashed Triangle-Headed Rightwards Arrow	Symbols
➡	Black Rightwards Arrow	Symbols
➢	Three-D Top-Lighted Rightwards Arrowhead	Symbols
➣	Three-D Bottom-Lighted Rightwards Arrowhead	Symbols
➤	Black Rightwards Arrowhead	Symbols
➥	Heavy Black Curved Downwards And Rightwards Arrow	Symbols
➦	Heavy Black Curved Upwards And Rightwards Arrow	Symbols
➧	Squat Black Rightwards Arrow	Symbols
➨	Heavy Concave-Pointed Black Rightwards Arrow	Symbols
➩	Right-Shaded White Rightwards Arrow	Symbols
➪	Left-Shaded White Rightwards Arrow	Symbols
➫	Back-Tilted Shadowed White Rightwards Arrow	Symbols
➬	Front-Tilted Shadowed White Rightwards Arrow	Symbols
➭	Heavy Lower Right-Shadowed White Rightwards Arrow	Symbols
➮	Heavy Upper Right-Shadowed White Rightwards Arrow	Symbols
➯	Notched Lower Right-Shadowed White Rightwards Arrow	Symbols
➰	Curly Loop	Other
➱	Notched Upper Right-Shadowed White Rightwards Arrow	Symbols
➲	Circled Heavy White Rightwards Arrow	Symbols
➳	White-Feathered Rightwards Arrow	Animals & nature
➴	Black-Feathered South East Arrow	Animals & nature
➵	Black-Feathered Rightwards Arrow	Animals & nature
➶	Black-Feathered North East Arrow	Animals & nature
➷	Heavy Black-Feathered South East Arrow	Animals & nature
➸	Heavy Black-Feathered Rightwards Arrow	Animals & nature
➹	Heavy Black-Feathered North East Arrow	Animals & nature
➺	Teardrop-Barbed Rightwards Arrow	Smileys
➻	Heavy Teardrop-Shanked Rightwards Arrow	Smileys
➼	Wedge-Tailed Rightwards Arrow	Symbols
➽	Heavy Wedge-Tailed Rightwards Arrow	Symbols
➾	Open-Outlined Rightwards Arrow	Activities & objects
➿	Double Curly Loop	Symbols
⬀	North East White Arrow	Symbols
⬁	North West White Arrow	Symbols
⬂	South East White Arrow	Symbols
⬃	South West White Arrow	Symbols
⬄	Left Right White Arrow	Symbols
⬅	Leftwards Black Arrow	Symbols
⬆	Upwards Black Arrow	Symbols
⬇	Downwards Black Arrow	Symbols
⬈	North East Black Arrow	Symbols
⬉	North West Black Arrow	Symbols
⬊	South East Black Arrow	Symbols
⬋	South West Black Arrow	Symbols
⬌	Left Right Black Arrow	Symbols
⬍	Up Down Black Arrow	Symbols
⬎	Rightwards Arrow With Tip Downwards	Symbols
⬏	Rightwards Arrow With Tip Upwards	Symbols
⬐	Leftwards Arrow With Tip Downwards	Symbols
⬑	Leftwards Arrow With Tip Upwards	Symbols
⬬	Black Horizontal Ellipse	Symbols
⬭	White Horizontal Ellipse	Symbols
⬮	Black Vertical Ellipse	Symbols
⬯	White Vertical Ellipse	Symbols
⬰	Left Arrow With Small Circle	Symbols
⬱	Three Leftwards Arrows	Symbols
⬲	Left Arrow With Circled Plus	Symbols
⬳	Long Leftwards Squiggle Arrow	Symbols
⬴	Leftwards Two-Headed Arrow With Vertical Stroke	Symbols
⬵	Leftwards Two-Headed Arrow With Double Vertical Stroke	Symbols
⬶	Leftwards Two-Headed Arrow From Bar	Symbols
⬷	Leftwards Two-Headed Triple Dash Arrow	Symbols
⬸	Leftwards Arrow With Dotted Stem	Symbols
⬹	Leftwards Arrow With Tail With Vertical Stroke	Symbols
⬺	Leftwards Arrow With Tail With Double Vertical Stroke	Symbols
⬻	Leftwards Two-Headed Arrow With Tail	Symbols
⬼	Leftwards Two-Headed Arrow With Tail With Vertical Stroke	Symbols
⬽	Leftwards Two-Headed Arrow With Tail With Double Vertical Stroke	Symbols
⬾	Leftwards Arrow Through X	Symbols
⬿	Wave Arrow Pointing Directly Left	Animals & nature
⭀	Equals Sign Above Leftwards Arrow	Symbols
⭁	Reverse Tilde Operator Above Leftwards Arrow	Animals & nature
⭂	Leftwards Arrow Above Reverse Almost Equal To	Symbols
⭃	Rightwards Arrow Through Greater-Than	Symbols
⭄	Rightwards Arrow Through Superset	Symbols
⭅	Leftwards Quadruple Arrow	Symbols
⭆	Rightwards Quadruple Arrow	Symbols
⭇	Reverse Tilde Operator Above Rightwards Arrow	Animals & nature
⭈	Rightwards Arrow Above Reverse Almost Equal To	Symbols
⭉	Tilde Operator Above Leftwards Arrow	Animals & nature
⭊	Leftwards Arrow Above Almost Equal To	Symbols
⭋	Leftwards Arrow Above Reverse Tilde Operator	Animals & nature
⭌	Rightwards Arrow Above Reverse Tilde Operator	Animals & nature
⭍	Downwards Triangle-Headed Zigzag Arrow	Symbols
⭎	Short Slanted North Arrow	Animals & nature
⭏	Short Backslanted South Arrow	Animals & nature
⭐	White Medium Star	Animals & nature
⭑	Black Small Star	Animals & nature
⭒	White Small Star	Animals & nature
⭓	Black Right-Pointing Pentagon	Activities & objects
⭔	White Right-Pointing Pentagon	Activities & objects
⭕	Heavy Large Circle	Symbols
⭖	Heavy Oval With Oval Inside	Other
⭗	Heavy Circle With Circle Inside	Symbols
⭘	Heavy Circle	Symbols
⭙	Heavy Circled Saltire	Food & drink
⭚	Slanted North Arrow With Hooked Head	Animals & nature
⭛	Backslanted South Arrow With Hooked Tail	Animals & nature
⭜	Slanted North Arrow With Horizontal Tail	Animals & nature
⭝	Backslanted South Arrow With Horizontal Tail	Animals & nature
⭞	Bent Arrow Pointing Downwards Then North East	Animals & nature
⭟	Short Bent Arrow Pointing Downwards Then North East	Animals & nature
⭠	Leftwards Triangle-Headed Arrow	Symbols
⭡	Upwards Triangle-Headed Arrow	Symbols
⭢	Rightwards Triangle-Headed Arrow	Symbols
⭣	Downwards Triangle-Headed Arrow	Symbols
⭤	Left Right Triangle-Headed Arrow	Symbols
⭥	Up Down Triangle-Headed Arrow	Symbols
⭦	North West Triangle-Headed Arrow	Symbols
⭧	North East Triangle-Headed Arrow	Symbols
⭨	South East Triangle-Headed Arrow	Symbols
⭩	South West Triangle-Headed Arrow	Symbols
⭪	Leftwards Triangle-Headed Dashed Arrow	Symbols
⭫	Upwards Triangle-Headed Dashed Arrow	Symbols
⭬	Rightwards Triangle-Headed Dashed Arrow	Symbols
⭭	Downwards Triangle-Headed Dashed Arrow	Symbols
⭮	Clockwise Triangle-Headed Open Circle Arrow	Activities & objects
⭯	Anticlockwise Triangle-Headed Open Circle Arrow	Animals & nature
⭰	Leftwards Triangle-Headed Arrow To Bar	Symbols
⭱	Upwards Triangle-Headed Arrow To Bar	Symbols
⭲	Rightwards Triangle-Headed Arrow To Bar	Symbols
⭳	Downwards Triangle-Headed Arrow To Bar	Symbols
⭶	North West Triangle-Headed Arrow To Bar	Symbols
⭷	North East Triangle-Headed Arrow To Bar	Symbols
⭸	South East Triangle-Headed Arrow To Bar	Symbols
⭹	South West Triangle-Headed Arrow To Bar	Symbols
⭺	Leftwards Triangle-Headed Arrow With Double Horizontal Stroke	Symbols
⭻	Upwards Triangle-Headed Arrow With Double Horizontal Stroke	Symbols
⭼	Rightwards Triangle-Headed Arrow With Double Horizontal Stroke	Symbols
⭽	Downwards Triangle-Headed Arrow With Double Horizontal Stroke	Symbols
⭾	Horizontal Tab Key	Activities & objects
⭿	Vertical Tab Key	Activities & objects
⮀	Leftwards Triangle-Headed Arrow Over Rightwards Triangle-Headed Arrow	Symbols
⮁	Upwards Triangle-Headed Arrow Leftwards Of Downwards Triangle-Headed Arrow	Symbols
⮂	Rightwards Triangle-Headed Arrow Over Leftwards Triangle-Headed Arrow	Symbols
⮃	Downwards Triangle-Headed Arrow Leftwards Of Upwards Triangle-Headed Arrow	Symbols
⮄	Leftwards Triangle-Headed Paired Arrows	Symbols
⮅	Upwards Triangle-Headed Paired Arrows	Symbols
⮆	Rightwards Triangle-Headed Paired Arrows	Symbols
⮇	Downwards Triangle-Headed Paired Arrows	Symbols
⮈	Leftwards Black Circled White Arrow	Symbols
⮉	Upwards Black Circled White Arrow	Symbols
⮊	Rightwards Black Circled White Arrow	Symbols
⮋	Downwards Black Circled White Arrow	Symbols
⮌	Anticlockwise Triangle-Headed Right U-Shaped Arrow	Animals & nature
⮍	Anticlockwise Triangle-Headed Bottom U-Shaped Arrow	Animals & nature
⮎	Anticlockwise Triangle-Headed Left U-Shaped Arrow	Animals & nature
⮏	Anticlockwise Triangle-Headed Top U-Shaped Arrow	Animals & nature
⮐	Return Left	Activities & objects
⮑	Return Right	Activities & objects
⮒	Newline Left	Other
⮓	Newline Right	Other
⮔	Four Corner Arrows Circling Anticlockwise	Animals & nature
⮕	Rightwards Black Arrow	Symbols
⮗	Symbol For Type A Electronics	Symbols
⮘	Three-D Top-Lighted Leftwards Equilateral Arrowhead	Symbols
⮙	Three-D Right-Lighted Upwards Equilateral Arrowhead	Symbols
⮚	Three-D Top-Lighted Rightwards Equilateral Arrowhead	Symbols
⮛	Three-D Left-Lighted Downwards Equilateral Arrowhead	Symbols
⮜	Black Leftwards Equilateral Arrowhead	Symbols
⮝	Black Upwards Equilateral Arrowhead	Symbols
⮞	Black Rightwards Equilateral Arrowhead	Symbols
⮟	Black Downwards Equilateral Arrowhead	Symbols
⮠	Downwards Triangle-Headed Arrow With Long Tip Leftwards	Symbols
⮡	Downwards Triangle-Headed Arrow With Long Tip Rightwards	Symbols
⮢	Upwards Triangle-Headed Arrow With Long Tip Leftwards	Symbols
⮣	Upwards Triangle-Headed Arrow With Long Tip Rightwards	Symbols
⮤	Leftwards Triangle-Headed Arrow With Long Tip Upwards	Symbols
⮥	Rightwards Triangle-Headed Arrow With Long Tip Upwards	Symbols
⮦	Leftwards Triangle-Headed Arrow With Long Tip Downwards	Symbols
⮧	Rightwards Triangle-Headed Arrow With Long Tip Downwards	Symbols
⮨	Black Curved Downwards And Leftwards Arrow	Symbols
⮩	Black Curved Downwards And Rightwards Arrow	Symbols
⮪	Black Curved Upwards And Leftwards Arrow	Symbols
⮫	Black Curved Upwards And Rightwards Arrow	Symbols
⮬	Black Curved Leftwards And Upwards Arrow	Symbols
⮭	Black Curved Rightwards And Upwards Arrow	Symbols
⮮	Black Curved Leftwards And Downwards Arrow	Symbols
⮯	Black Curved Rightwards And Downwards Arrow	Symbols
⮰	Ribbon Arrow Down Left	Activities & objects
⮱	Ribbon Arrow Down Right	Activities & objects
⮲	Ribbon Arrow Up Left	Activities & objects
⮳	Ribbon Arrow Up Right	Activities & objects
⮴	Ribbon Arrow Left Up	Activities & objects
⮵	Ribbon Arrow Right Up	Activities & objects
⮶	Ribbon Arrow Left Down	Activities & objects
⮷	Ribbon Arrow Right Down	Activities & objects
⮸	Upwards White Arrow From Bar With Horizontal Bar	Symbols
⮹	Up Arrowhead In A Rectangle Box	Animals & nature
⮺	Overlapping White Squares	Symbols
⮻	Overlapping White And Black Squares	Symbols
⮼	Overlapping Black Squares	Symbols
⮽	Ballot Box With Light X	Animals & nature
⮾	Circled X	Symbols
⮿	Circled Bold X	Symbols
⯀	Black Square Centred	Symbols
⯁	Black Diamond Centred	Symbols
⯂	Turned Black Pentagon	Activities & objects
⯃	Horizontal Black Octagon	Symbols
⯄	Black Octagon	Symbols
⯅	Black Medium Up-Pointing Triangle Centred	Symbols
⯆	Black Medium Down-Pointing Triangle Centred	Symbols
⯇	Black Medium Left-Pointing Triangle Centred	Symbols
⯈	Black Medium Right-Pointing Triangle Centred	Symbols
⯉	Neptune Form Two	Other
⯊	Top Half Black Circle	Symbols
⯋	Bottom Half Black Circle	Symbols
⯌	Light Four Pointed Black Cusp	Symbols
⯍	Rotated Light Four Pointed Black Cusp	Symbols
⯎	White Four Pointed Cusp	Symbols
⯏	Rotated White Four Pointed Cusp	Symbols
⯐	Square Position Indicator	Animals & nature
⯑	Uncertainty Sign	Symbols
⯒	Group Mark	Symbols
⯓	Pluto Form Two	Other
⯔	Pluto Form Three	Other
⯕	Pluto Form Four	Other
⯖	Pluto Form Five	Other
⯗	Transpluto	Other
⯘	Proserpina	Animals & nature
⯙	Astraea	Other
⯚	Hygiea	Other
⯛	Pholus	Other
⯜	Nessus	Other
⯝	White Moon Selena	Animals & nature
⯞	Black Diamond On Cross	Symbols
⯟	True Light Moon Arta	Animals & nature
⯠	Cupido	Other
⯡	Hades	Other
⯢	Zeus	Other
⯣	Kronos	Other
⯤	Apollon	Other
⯥	Admetos	Other
⯦	Vulcanus	Other
⯧	Poseidon	Other
⯨	Left Half Black Star	Animals & nature
⯩	Right Half Black Star	Animals & nature
⯪	Star With Left Half Black	Animals & nature
⯫	Star With Right Half Black	Animals & nature
⯬	Leftwards Two-Headed Arrow With Triangle Arrowheads	Symbols
⯭	Upwards Two-Headed Arrow With Triangle Arrowheads	Symbols
⯮	Rightwards Two-Headed Arrow With Triangle Arrowheads	Symbols
⯯	Downwards Two-Headed Arrow With Triangle Arrowheads	Symbols
⯰	Eris Form One	Other
⯱	Eris Form Two	Other
⯲	Sedna	Activities & objects
⯳	Russian Astrological Symbol Vigintile	Symbols
⯴	Russian Astrological Symbol Novile	Symbols
⯵	Russian Astrological Symbol Quintile	Symbols
⯶	Russian Astrological Symbol Binovile	Symbols
⯷	Russian Astrological Symbol Sentagon	Symbols
⯸	Russian Astrological Symbol Tredecile	Symbols
⯹	Equals Sign With Infinity Below	Symbols
⯺	United Symbol	Symbols
⯻	Separated Symbol	Animals & nature
⯼	Doubled Symbol	Symbols
⯽	Passed Symbol	Symbols
⯾	Reversed Right Angle	Other
⯿	Hellschreiber Pause Symbol	Symbols
←	Leftwards Arrow	Symbols
↑	Upwards Arrow	Symbols
→	Rightwards Arrow	Symbols
↓	Downwards Arrow	Symbols
↔	Left Right Arrow	Symbols
↕	Up Down Arrow	Symbols
↖	North West Arrow	Symbols
↗	North East Arrow	Symbols
↘	South East Arrow	Symbols
↙	South West Arrow	Symbols
↚	Leftwards Arrow With Stroke	Symbols
↛	Rightwards Arrow With Stroke	Symbols
↜	Leftwards Wave Arrow	Animals & nature
↝	Rightwards Wave Arrow	Animals & nature
↞	Leftwards Two Headed Arrow	Symbols
↟	Upwards Two Headed Arrow	Symbols
↠	Rightwards Two Headed Arrow	Symbols
↡	Downwards Two Headed Arrow	Symbols
↢	Leftwards Arrow With Tail	Symbols
↣	Rightwards Arrow With Tail	Symbols
↤	Leftwards Arrow From Bar	Symbols
↥	Upwards Arrow From Bar	Symbols
↦	Rightwards Arrow From Bar	Symbols
↧	Downwards Arrow From Bar	Symbols
↨	Up Down Arrow With Base	Symbols
↩	Leftwards Arrow With Hook	Activities & objects
↪	Rightwards Arrow With Hook	Activities & objects
↫	Leftwards Arrow With Loop	Symbols
↬	Rightwards Arrow With Loop	Symbols
↭	Left Right Wave Arrow	Animals & nature
↮	Left Right Arrow With Stroke	Symbols
↯	Downwards Zigzag Arrow	Symbols
↰	Upwards Arrow With Tip Leftwards	Symbols
↱	Upwards Arrow With Tip Rightwards	Symbols
↲	Downwards Arrow With Tip Leftwards	Symbols
↳	Downwards Arrow With Tip Rightwards	Symbols
↴	Rightwards Arrow With Corner Downwards	Food & drink
↵	Downwards Arrow With Corner Leftwards	Food & drink
↶	Anticlockwise Top Semicircle Arrow	Animals & nature
↷	Clockwise Top Semicircle Arrow	Activities & objects
↸	North West Arrow To Long Bar	Symbols
↹	Leftwards Arrow To Bar Over Rightwards Arrow To Bar	Symbols
↺	Anticlockwise Open Circle Arrow	Animals & nature
↻	Clockwise Open Circle Arrow	Activities & objects
↼	Leftwards Harpoon With Barb Upwards	Smileys
↽	Leftwards Harpoon With Barb Downwards	Smileys
↾	Upwards Harpoon With Barb Rightwards	Smileys
↿	Upwards Harpoon With Barb Leftwards	Smileys
⇀	Rightwards Harpoon With Barb Upwards	Smileys
⇁	Rightwards Harpoon With Barb Downwards	Smileys
⇂	Downwards Harpoon With Barb Rightwards	Smileys
⇃	Downwards Harpoon With Barb Leftwards	Smileys
⇄	Rightwards Arrow Over Leftwards Arrow	Symbols
⇅	Upwards Arrow Leftwards Of Downwards Arrow	Symbols
⇆	Leftwards Arrow Over Rightwards Arrow	Symbols
⇇	Leftwards Paired Arrows	Symbols
⇈	Upwards Paired Arrows	Symbols
⇉	Rightwards Paired Arrows	Symbols
⇊	Downwards Paired Arrows	Symbols
⇋	Leftwards Harpoon Over Rightwards Harpoon	Smileys
⇌	Rightwards Harpoon Over Leftwards Harpoon	Smileys
⇍	Leftwards Double Arrow With Stroke	Symbols
⇎	Left Right Double Arrow With Stroke	Symbols
⇏	Rightwards Double Arrow With Stroke	Symbols
⇐	Leftwards Double Arrow	Symbols
⇑	Upwards Double Arrow	Symbols
⇒	Rightwards Double Arrow	Symbols
⇓	Downwards Double Arrow	Symbols
⇔	Left Right Double Arrow	Symbols
⇕	Up Down Double Arrow	Symbols
⇖	North West Double Arrow	Symbols
⇗	North East Double Arrow	Symbols
⇘	South East Double Arrow	Symbols
⇙	South West Double Arrow	Symbols
⇚	Leftwards Triple Arrow	Symbols
⇛	Rightwards Triple Arrow	Symbols
⇜	Leftwards Squiggle Arrow	Symbols
⇝	Rightwards Squiggle Arrow	Symbols
⇞	Upwards Arrow With Double Stroke	Symbols
⇟	Downwards Arrow With Double Stroke	Symbols
⇠	Leftwards Dashed Arrow	Symbols
⇡	Upwards Dashed Arrow	Symbols
⇢	Rightwards Dashed Arrow	Symbols
⇣	Downwards Dashed Arrow	Symbols
⇤	Leftwards Arrow To Bar	Symbols
⇥	Rightwards Arrow To Bar	Symbols
⇦	Leftwards White Arrow	Symbols
⇧	Upwards White Arrow	Symbols
⇨	Rightwards White Arrow	Symbols
⇩	Downwards White Arrow	Symbols
⇪	Upwards White Arrow From Bar	Symbols
⇫	Upwards White Arrow On Pedestal	Symbols
⇬	Upwards White Arrow On Pedestal With Horizontal Bar	Symbols
⇭	Upwards White Arrow On Pedestal With Vertical Bar	Symbols
⇮	Upwards White Double Arrow	Symbols
⇯	Upwards White Double Arrow On Pedestal	Symbols
⇰	Rightwards White Arrow From Wall	Symbols
⇱	North West Arrow To Corner	Food & drink
⇲	South East Arrow To Corner	Food & drink
⇳	Up Down White Arrow	Symbols
⇴	Right Arrow With Small Circle	Symbols
⇵	Downwards Arrow Leftwards Of Upwards Arrow	Symbols
⇶	Three Rightwards Arrows	Symbols
⇷	Leftwards Arrow With Vertical Stroke	Symbols
⇸	Rightwards Arrow With Vertical Stroke	Symbols
⇹	Left Right Arrow With Vertical Stroke	Symbols
⇺	Leftwards Arrow With Double Vertical Stroke	Symbols
⇻	Rightwards Arrow With Double Vertical Stroke	Symbols
⇼	Left Right Arrow With Double Vertical Stroke	Symbols
⇽	Leftwards Open-Headed Arrow	Activities & objects
⇾	Rightwards Open-Headed Arrow	Activities & objects
⇿	Left Right Open-Headed Arrow	Activities & objects
⌀	Diameter Sign	Symbols
⌁	Electric Arrow	Symbols
⌂	House	Travel & places
⌃	Up Arrowhead	Symbols
⌄	Down Arrowhead	Symbols
⌅	Projective	Other
⌆	Perspective	Other
⌇	Wavy Line	Symbols
⌈	Left Ceiling	Other
⌉	Right Ceiling	Other
⌊	Left Floor	Other
⌋	Right Floor	Other
⌌	Bottom Right Crop	Symbols
⌍	Bottom Left Crop	Symbols
⌎	Top Right Crop	Other
⌏	Top Left Crop	Other
⌐	Reversed Not Sign	Symbols
⌑	Square Lozenge	Symbols
⌒	Arc	Other
⌓	Segment	Other
⌔	Sector	Other
⌕	Telephone Recorder	Activities & objects
⌖	Position Indicator	Animals & nature
⌗	Viewdata Square	Symbols
⌘	Place Of Interest Sign	Symbols
⌙	Turned Not Sign	Activities & objects
⌚	Watch	Activities & objects
⌛	Hourglass	Activities & objects
⌜	Top Left Corner	Food & drink
⌝	Top Right Corner	Food & drink
⌞	Bottom Left Corner	Food & drink
⌟	Bottom Right Corner	Food & drink
⌠	Top Half Integral	Other
⌡	Bottom Half Integral	Symbols
⌢	Frown	Other
⌣	Smile	Smileys
⌤	Up Arrowhead Between Two Horizontal Bars	Symbols
⌥	Option Key	Activities & objects
⌦	Erase To The Right	Other
⌧	X In A Rectangle Box	Animals & nature
⌨	Keyboard	Animals & nature
〈	Left-Pointing Angle Bracket	Other
〉	Right-Pointing Angle Bracket	Other
⌫	Erase To The Left	Other
⌬	Benzene Ring	Activities & objects
⌭	Cylindricity	Other
⌮	All Around-Profile	Activities & objects
⌯	Symmetry	Other
⌰	Total Runout	Other
⌱	Dimension Origin	Other
⌲	Conical Taper	Other
⌳	Slope	Other
⌴	Counterbore	Other
⌵	Countersink	Other
⌶	Apl Functional Symbol I-Beam	Symbols
⌷	Apl Functional Symbol Squish Quad	Symbols
⌸	Apl Functional Symbol Quad Equal	Symbols
⌹	Apl Functional Symbol Quad Divide	Symbols
⌺	Apl Functional Symbol Quad Diamond	Symbols
⌻	Apl Functional Symbol Quad Jot	Symbols
⌼	Apl Functional Symbol Quad Circle	Symbols
⌽	Apl Functional Symbol Circle Stile	Symbols
⌾	Apl Functional Symbol Circle Jot	Symbols
⌿	Apl Functional Symbol Slash Bar	Symbols
⍀	Apl Functional Symbol Backslash Bar	Symbols
⍁	Apl Functional Symbol Quad Slash	Symbols
⍂	Apl Functional Symbol Quad Backslash	Symbols
⍃	Apl Functional Symbol Quad Less-Than	Symbols
⍄	Apl Functional Symbol Quad Greater-Than	Symbols
⍅	Apl Functional Symbol Leftwards Vane	Symbols
⍆	Apl Functional Symbol Rightwards Vane	Symbols
⍇	Apl Functional Symbol Quad Leftwards Arrow	Symbols
⍈	Apl Functional Symbol Quad Rightwards Arrow	Symbols
⍉	Apl Functional Symbol Circle Backslash	Symbols
⍊	Apl Functional Symbol Down Tack Underbar	Symbols
⍋	Apl Functional Symbol Delta Stile	Symbols
⍌	Apl Functional Symbol Quad Down Caret	Travel & places
⍍	Apl Functional Symbol Quad Delta	Symbols
⍎	Apl Functional Symbol Down Tack Jot	Symbols
⍏	Apl Functional Symbol Upwards Vane	Symbols
⍐	Apl Functional Symbol Quad Upwards Arrow	Symbols
⍑	Apl Functional Symbol Up Tack Overbar	Symbols
⍒	Apl Functional Symbol Del Stile	Symbols
⍓	Apl Functional Symbol Quad Up Caret	Travel & places
⍔	Apl Functional Symbol Quad Del	Symbols
⍕	Apl Functional Symbol Up Tack Jot	Symbols
⍖	Apl Functional Symbol Downwards Vane	Symbols
⍗	Apl Functional Symbol Quad Downwards Arrow	Symbols
⍘	Apl Functional Symbol Quote Underbar	Symbols
⍙	Apl Functional Symbol Delta Underbar	Symbols
⍚	Apl Functional Symbol Diamond Underbar	Symbols
⍛	Apl Functional Symbol Jot Underbar	Symbols
⍜	Apl Functional Symbol Circle Underbar	Symbols
⍝	Apl Functional Symbol Up Shoe Jot	Activities & objects
⍞	Apl Functional Symbol Quote Quad	Symbols
⍟	Apl Functional Symbol Circle Star	Animals & nature
⍠	Apl Functional Symbol Quad Colon	Symbols
⍡	Apl Functional Symbol Up Tack Diaeresis	Symbols
⍢	Apl Functional Symbol Del Diaeresis	Symbols
⍣	Apl Functional Symbol Star Diaeresis	Animals & nature
⍤	Apl Functional Symbol Jot Diaeresis	Symbols
⍥	Apl Functional Symbol Circle Diaeresis	Symbols
⍦	Apl Functional Symbol Down Shoe Stile	Activities & objects
⍧	Apl Functional Symbol Left Shoe Stile	Activities & objects
⍨	Apl Functional Symbol Tilde Diaeresis	Symbols
⍩	Apl Functional Symbol Greater-Than Diaeresis	Symbols
⍪	Apl Functional Symbol Comma Bar	Symbols
⍫	Apl Functional Symbol Del Tilde	Symbols
⍬	Apl Functional Symbol Zilde	Symbols
⍭	Apl Functional Symbol Stile Tilde	Symbols
⍮	Apl Functional Symbol Semicolon Underbar	Symbols
⍯	Apl Functional Symbol Quad Not Equal	Symbols
⍰	Apl Functional Symbol Quad Question	Symbols
⍱	Apl Functional Symbol Down Caret Tilde	Travel & places
⍲	Apl Functional Symbol Up Caret Tilde	Travel & places
⍳	Apl Functional Symbol Iota	Symbols
⍴	Apl Functional Symbol Rho	Symbols
⍵	Apl Functional Symbol Omega	Symbols
⍶	Apl Functional Symbol Alpha Underbar	Symbols
⍷	Apl Functional Symbol Epsilon Underbar	Symbols
⍸	Apl Functional Symbol Iota Underbar	Symbols
⍹	Apl Functional Symbol Omega Underbar	Symbols
⍺	Apl Functional Symbol Alpha	Symbols
⍻	Not Check Mark	Symbols
⍼	Right Angle With Downwards Zigzag Arrow	Symbols
⍽	Shouldered Open Box	Animals & nature
⍾	Bell Symbol	Activities & objects
⍿	Vertical Line With Middle Dot	Other
⎀	Insertion Symbol	Symbols
⎁	Continuous Underline Symbol	Symbols
⎂	Discontinuous Underline Symbol	Symbols
⎃	Emphasis Symbol	Symbols
⎄	Composition Symbol	Symbols
⎅	White Square With Centre Vertical Line	Symbols
⎆	Enter Symbol	Symbols
⎇	Alternative Key Symbol	Activities & objects
⎈	Helm Symbol	Symbols
⎉	Circled Horizontal Bar With Notch	Symbols
⎊	Circled Triangle Down	Symbols
⎋	Broken Circle With Northwest Arrow	Symbols
⎌	Undo Symbol	Symbols
⎍	Monostable Symbol	Symbols
⎎	Hysteresis Symbol	Symbols
⎏	Open-Circuit-Output H-Type Symbol	Activities & objects
⎐	Open-Circuit-Output L-Type Symbol	Activities & objects
⎑	Passive-Pull-Down-Output Symbol	Symbols
⎒	Passive-Pull-Up-Output Symbol	Symbols
⎓	Direct Current Symbol Form Two	Symbols
⎔	Software-Function Symbol	Symbols
⎕	Apl Functional Symbol Quad	Symbols
⎖	Decimal Separator Key Symbol	Animals & nature
⎗	Previous Page	Activities & objects
⎘	Next Page	Activities & objects
⎙	Print Screen Symbol	Symbols
⎚	Clear Screen Symbol	People
⎛	Left Parenthesis Upper Hook	Activities & objects
⎜	Left Parenthesis Extension	Other
⎝	Left Parenthesis Lower Hook	Activities & objects
⎞	Right Parenthesis Upper Hook	Activities & objects
⎟	Right Parenthesis Extension	Other
⎠	Right Parenthesis Lower Hook	Activities & objects
⎡	Left Square Bracket Upper Corner	Food & drink
⎢	Left Square Bracket Extension	Symbols
⎣	Left Square Bracket Lower Corner	Food & drink
⎤	Right Square Bracket Upper Corner	Food & drink
⎥	Right Square Bracket Extension	Symbols
⎦	Right Square Bracket Lower Corner	Food & drink
⎧	Left Curly Bracket Upper Hook	Activities & objects
⎨	Left Curly Bracket Middle Piece	Food & drink
⎩	Left Curly Bracket Lower Hook	Activities & objects
⎪	Curly Bracket Extension	Other
⎫	Right Curly Bracket Upper Hook	Activities & objects
⎬	Right Curly Bracket Middle Piece	Food & drink
⎭	Right Curly Bracket Lower Hook	Activities & objects
⎮	Integral Extension	Other
⎯	Horizontal Line Extension	Other
⎰	Upper Left Or Lower Right Curly Bracket Section	Other
⎱	Upper Right Or Lower Left Curly Bracket Section	Other
⎲	Summation Top	Other
⎳	Summation Bottom	Other
⎴	Top Square Bracket	Symbols
⎵	Bottom Square Bracket	Symbols
⎶	Bottom Square Bracket Over Top Square Bracket	Symbols
⎷	Radical Symbol Bottom	Symbols
⎸	Left Vertical Box Line	Animals & nature
⎹	Right Vertical Box Line	Animals & nature
⎺	Horizontal Scan Line-1	Other
⎻	Horizontal Scan Line-3	Other
⎼	Horizontal Scan Line-7	Other
⎽	Horizontal Scan Line-9	Other
⎾	Dentistry Symbol Light Vertical And Top Right	Symbols
⎿	Dentistry Symbol Light Vertical And Bottom Right	Symbols
⏀	Dentistry Symbol Light Vertical With Circle	Symbols
⏁	Dentistry Symbol Light Down And Horizontal With Circle	Symbols
⏂	Dentistry Symbol Light Up And Horizontal With Circle	Symbols
⏃	Dentistry Symbol Light Vertical With Triangle	Symbols
⏄	Dentistry Symbol Light Down And Horizontal With Triangle	Symbols
⏅	Dentistry Symbol Light Up And Horizontal With Triangle	Symbols
⏆	Dentistry Symbol Light Vertical And Wave	Animals & nature
⏇	Dentistry Symbol Light Down And Horizontal With Wave	Animals & nature
⏈	Dentistry Symbol Light Up And Horizontal With Wave	Animals & nature
⏉	Dentistry Symbol Light Down And Horizontal	Symbols
⏊	Dentistry Symbol Light Up And Horizontal	Symbols
⏋	Dentistry Symbol Light Vertical And Top Left	Symbols
⏌	Dentistry Symbol Light Vertical And Bottom Left	Symbols
⏍	Square Foot	People
⏎	Return Symbol	Activities & objects
⏏	Eject Symbol	Symbols
⏐	Vertical Line Extension	Other
⏑	Metrical Breve	Other
⏒	Metrical Long Over Short	Other
⏓	Metrical Short Over Long	Other
⏔	Metrical Long Over Two Shorts	Other
⏕	Metrical Two Shorts Over Long	Other
⏖	Metrical Two Shorts Joined	Other
⏗	Metrical Triseme	Other
⏘	Metrical Tetraseme	Other
⏙	Metrical Pentaseme	Activities & objects
⏚	Earth Ground	People
⏛	Fuse	Other
⏜	Top Parenthesis	Other
⏝	Bottom Parenthesis	Symbols
⏞	Top Curly Bracket	Other
⏟	Bottom Curly Bracket	Symbols
⏠	Top Tortoise Shell Bracket	Animals & nature
⏡	Bottom Tortoise Shell Bracket	Animals & nature
⏢	White Trapezium	Activities & objects
⏣	Benzene Ring With Circle	Activities & objects
⏤	Straightness	Other
⏥	Flatness	Other
⏦	Ac Current	Other
⏧	Electrical Intersection	Other
⏨	Decimal Exponent Symbol	Symbols
⏩	Black Right-Pointing Double Triangle	Symbols
⏪	Black Left-Pointing Double Triangle	Symbols
⏫	Black Up-Pointing Double Triangle	Symbols
⏬	Black Down-Pointing Double Triangle	Symbols
⏭	Black Right-Pointing Double Triangle With Vertical Bar	Symbols
⏮	Black Left-Pointing Double Triangle With Vertical Bar	Symbols
⏯	Black Right-Pointing Triangle With Double Vertical Bar	Symbols
⏰	Alarm Clock	People
⏱	Stopwatch	Activities & objects
⏲	Timer Clock	Activities & objects
⏳	Hourglass With Flowing Sand	Activities & objects
⏴	Black Medium Left-Pointing Triangle	Symbols
⏵	Black Medium Right-Pointing Triangle	Symbols
⏶	Black Medium Up-Pointing Triangle	Symbols
⏷	Black Medium Down-Pointing Triangle	Symbols
⏸	Double Vertical Bar	Symbols
⏹	Black Square For Stop	Symbols
⏺	Black Circle For Record	Symbols
⏻	Power Symbol	Symbols
⏼	Power On-Off Symbol	Symbols
⏽	Power On Symbol	Symbols
⏾	Power Sleep Symbol	Symbols
⏿	Observer Eye Symbol	People
■	Black Square	Symbols
□	White Square	Symbols
▢	White Square With Rounded Corners	Food & drink
▣	White Square Containing Black Small Square	Symbols
▤	Square With Horizontal Fill	Symbols
▥	Square With Vertical Fill	Symbols
▦	Square With Orthogonal Crosshatch Fill	Activities & objects
▧	Square With Upper Left To Lower Right Fill	Symbols
▨	Square With Upper Right To Lower Left Fill	Symbols
▩	Square With Diagonal Crosshatch Fill	Activities & objects
▪	Black Small Square	Symbols
▫	White Small Square	Symbols
▬	Black Rectangle	Symbols
▭	White Rectangle	Symbols
▮	Black Vertical Rectangle	Symbols
▯	White Vertical Rectangle	Symbols
▰	Black Parallelogram	Symbols
▱	White Parallelogram	Symbols
▲	Black Up-Pointing Triangle	Symbols
△	White Up-Pointing Triangle	Symbols
▴	Black Up-Pointing Small Triangle	Symbols
▵	White Up-Pointing Small Triangle	Symbols
▶	Black Right-Pointing Triangle	Symbols
▷	White Right-Pointing Triangle	Symbols
▸	Black Right-Pointing Small Triangle	Symbols
▹	White Right-Pointing Small Triangle	Symbols
►	Black Right-Pointing Pointer	Symbols
▻	White Right-Pointing Pointer	Symbols
▼	Black Down-Pointing Triangle	Symbols
▽	White Down-Pointing Triangle	Symbols
▾	Black Down-Pointing Small Triangle	Symbols
▿	White Down-Pointing Small Triangle	Symbols
◀	Black Left-Pointing Triangle	Symbols
◁	White Left-Pointing Triangle	Symbols
◂	Black Left-Pointing Small Triangle	Symbols
◃	White Left-Pointing Small Triangle	Symbols
◄	Black Left-Pointing Pointer	Symbols
◅	White Left-Pointing Pointer	Symbols
◆	Black Diamond	Symbols
◇	White Diamond	Symbols
◈	White Diamond Containing Black Small Diamond	Symbols
◉	Fisheye	People
◊	Lozenge	Other
○	White Circle	Symbols
◌	Dotted Circle	Symbols
◍	Circle With Vertical Fill	Symbols
◎	Bullseye	People
●	Black Circle	Symbols
◐	Circle With Left Half Black	Symbols
◑	Circle With Right Half Black	Symbols
◒	Circle With Lower Half Black	Symbols
◓	Circle With Upper Half Black	Symbols
◔	Circle With Upper Right Quadrant Black	Animals & nature
◕	Circle With All But Upper Left Quadrant Black	Animals & nature
◖	Left Half Black Circle	Symbols
◗	Right Half Black Circle	Symbols
◘	Inverse Bullet	Other
◙	Inverse White Circle	Symbols
◚	Upper Half Inverse White Circle	Symbols
◛	Lower Half Inverse White Circle	Symbols
◜	Upper Left Quadrant Circular Arc	Animals & nature
◝	Upper Right Quadrant Circular Arc	Animals & nature
◞	Lower Right Quadrant Circular Arc	Animals & nature
◟	Lower Left Quadrant Circular Arc	Animals & nature
◠	Upper Half Circle	Symbols
◡	Lower Half Circle	Symbols
◢	Black Lower Right Triangle	Symbols
◣	Black Lower Left Triangle	Symbols
◤	Black Upper Left Triangle	Symbols
◥	Black Upper Right Triangle	Symbols
◦	White Bullet	Symbols
◧	Square With Left Half Black	Symbols
◨	Square With Right Half Black	Symbols
◩	Square With Upper Left Diagonal Half Black	Symbols
◪	Square With Lower Right Diagonal Half Black	Symbols
◫	White Square With Vertical Bisecting Line	Symbols
◬	White Up-Pointing Triangle With Dot	Symbols
◭	Up-Pointing Triangle With Left Half Black	Symbols
◮	Up-Pointing Triangle With Right Half Black	Symbols
◯	Large Circle	Symbols
◰	White Square With Upper Left Quadrant	Animals & nature
◱	White Square With Lower Left Quadrant	Animals & nature
◲	White Square With Lower Right Quadrant	Animals & nature
◳	White Square With Upper Right Quadrant	Animals & nature
◴	White Circle With Upper Left Quadrant	Animals & nature
◵	White Circle With Lower Left Quadrant	Animals & nature
◶	White Circle With Lower Right Quadrant	Animals & nature
◷	White Circle With Upper Right Quadrant	Animals & nature
◸	Upper Left Triangle	Symbols
◹	Upper Right Triangle	Symbols
◺	Lower Left Triangle	Symbols
◻	White Medium Square	Symbols
◼	Black Medium Square	Symbols
◽	White Medium Small Square	Symbols
◾	Black Medium Small Square	Symbols
◿	Lower Right Triangle	Symbols
🇦🇷	Flag Argentina AR	Flags
🇦🇺	Flag Australia AU	Flags
🇦🇹	Flag Austria AT	Flags
🇧🇪	Flag Belgium BE	Flags
🇧🇷	Flag Brazil BR	Flags
🇨🇦	Flag Canada CA	Flags
🇨🇱	Flag Chile CL	Flags
🇨🇳	Flag China CN	Flags
🇨🇴	Flag Colombia CO	Flags
🇭🇷	Flag Croatia HR	Flags
🇨🇿	Flag Czechia CZ	Flags
🇩🇰	Flag Denmark DK	Flags
🇪🇬	Flag Egypt EG	Flags
🇪🇪	Flag Estonia EE	Flags
🇪🇺	Flag European Union EU	Flags
🇫🇮	Flag Finland FI	Flags
🇫🇷	Flag France FR	Flags
🇩🇪	Flag Germany DE	Flags
🇬🇷	Flag Greece GR	Flags
🇭🇰	Flag Hong Kong HK	Flags
🇭🇺	Flag Hungary HU	Flags
🇮🇸	Flag Iceland IS	Flags
🇮🇳	Flag India IN	Flags
🇮🇩	Flag Indonesia ID	Flags
🇮🇪	Flag Ireland IE	Flags
🇮🇱	Flag Israel IL	Flags
🇮🇹	Flag Italy IT	Flags
🇯🇵	Flag Japan JP	Flags
🇰🇪	Flag Kenya KE	Flags
🇱🇻	Flag Latvia LV	Flags
🇱🇹	Flag Lithuania LT	Flags
🇱🇺	Flag Luxembourg LU	Flags
🇲🇾	Flag Malaysia MY	Flags
🇲🇽	Flag Mexico MX	Flags
🇲🇦	Flag Morocco MA	Flags
🇳🇱	Flag Netherlands NL	Flags
🇳🇿	Flag New Zealand NZ	Flags
🇳🇬	Flag Nigeria NG	Flags
🇳🇴	Flag Norway NO	Flags
🇵🇰	Flag Pakistan PK	Flags
🇵🇪	Flag Peru PE	Flags
🇵🇭	Flag Philippines PH	Flags
🇵🇱	Flag Poland PL	Flags
🇵🇹	Flag Portugal PT	Flags
🇷🇴	Flag Romania RO	Flags
🇷🇺	Flag Russia RU	Flags
🇸🇦	Flag Saudi Arabia SA	Flags
🇷🇸	Flag Serbia RS	Flags
🇸🇬	Flag Singapore SG	Flags
🇸🇰	Flag Slovakia SK	Flags
🇸🇮	Flag Slovenia SI	Flags
🇿🇦	Flag South Africa ZA	Flags
🇰🇷	Flag South Korea KR	Flags
🇪🇸	Flag Spain ES	Flags
🇸🇪	Flag Sweden SE	Flags
🇨🇭	Flag Switzerland CH	Flags
🇹🇼	Flag Taiwan TW	Flags
🇹🇭	Flag Thailand TH	Flags
🇹🇷	Flag Türkiye TR	Flags
🇺🇦	Flag Ukraine UA	Flags
🇬🇧	Flag United Kingdom GB	Flags
🇺🇸	Flag United States US	Flags
🇻🇳	Flag Vietnam VN	Flags
